Workbook

Sheet MER

Sheet Entidades
A1: Entidad | B1: Desripción
A2: DiaSemana | B2: Catálogo de los días de la semana, incluido festivo, que se usan para definir los horarios de la barbería y de cada barbero.
A3: Estado | B3: Catálogo de los estados en los que puede encontrarse una cita durante su ciclo de vida: agendada, finalizada, cancelada, con tardanza o con inasistencia.
A4: Servicio | B4: Entidad que almacena los servicios de corte y arreglo que ofrece la barbería, definidos por el dueño, y que luego cada barbero decide si los habilita.
A5: PrefijoCelular | B5: Catálogo de prefijos telefónicos de país disponibles para el número de celular de barberos y clientes.
A6: TipoMulta | B6: Catálogo de los tipos de multa que se le pueden imponer a un cliente: por tardanza o por inasistencia.
A7: Barbero | B7: Entidad que almacena la información de los barberos que trabajan en la barbería, con su contacto, su vigencia y la anticipación mínima que exigen para que les agenden una cita.
A8: Cliente | B8: Entidad que almacena la información de los clientes que solicitan citas en la barbería, junto con sus multas sin pagar y su estado de veto.
A9: HorarioBarberia | B9: Entidad que registra, día por día, la hora de apertura y de cierre de la barbería, que es el límite dentro del cual debe caber el horario de cualquier barbero.
A10: Bloqueo | B10: Entidad que registra los rangos de fecha y hora en los que un barbero no está disponible para atender sus citas.
A11: BarberoServicio | B11: Entidad asociativa que registra qué servicios sabe hacer cada barbero, cuánto tarda en realizarlos y cuánto tiempo extra reserva para ellos.
A12: HorarioBarbero | B12: Entidad que registra la jornada de trabajo de un barbero dentro de un horario de la barbería, con la hora en la que empieza, la hora en la que termina y su vigencia.
... A16: Multa | B16: Entidad que registra la sanción económica impuesta a un cliente por incumplir una cita, ya sea por tardanza o por inasistencia, con su monto y su estado de pago.

Sheet DiaSemana
A1: <-Volver al inicio
A2: =Entidades!$A$1 -> Entidad | B2: =Entidades!A2 -> DiaSemana
A3: =Entidades!$B$1 -> Desripción | B3: =Entidades!B2 -> Catálogo de los días de la semana, incluido festivo, que se usan para definir los horarios de la barbería y de cada barbero.
A4: Atributos
A5: Nombre | B5: Tipo de dato | C5: Longitud | D5: Cantidad dígitos parte entera | E5: Cantidad dígitos parte decimal (Precisión) | F5: ¿Es autoincremento? | G5: ¿Es obligatorio? | H5: ¿Es llave primeria o es parte de ella? | I5: Llave Foránea | L5: Restricciones de unicidad | N5: Restricciones de chequeo | P5: Restricciones de índice | S5: Alias | T5: Descripción del campo
I6: ¿Es llave foránea? | J6: Entidad | K6: Columna(s) | L6: ¿Posee restricción de unicidad o es parte de ella? | M6: Nombre restricción unicidad a la que pertenece | N6: ¿Posee restricción de chequeo o es parte de ella? | O6: Nombre restricción chequeo a la que pertenece | P6: ¿Posee restricción de índice o es parte de ella? | Q6: Tipo | R6: Nombre restricción índice a la que pertenece
A7: id | B7: UUID | C7: 36 | F7: NO | G7: SI | H7: SI | I7: NO | L7: SI | M7: PK_diaSemana | N7: NO | P7: NO | T7: Identificador único del registro que es generado por la aplicación.
A8: nombre | B8: VARCHAR | C8: 9 | F8: NO | G8: SI | H8: NO | I8: NO | L8: SI | M8: UQ_diaSemana_nombre | N8: NO | P8: NO | T8: Nombre del día de la semana. Solo puede ser uno de los siete días o festivo, y debe ser único en el sistema.

Sheet Estado
A1: <-Volver al inicio
A2: =Entidades!$A$1 -> Entidad | B2: =Entidades!A3 -> Estado
A3: =Entidades!$B$1 -> Desripción | B3: =Entidades!B3 -> Catálogo de los estados en los que puede encontrarse una cita durante su ciclo de vida: agendada, finalizada, cancelada, con tardanza o con inasistencia.
A4: Atributos
A5: Nombre | B5: Tipo de dato | C5: Longitud | D5: Cantidad dígitos parte entera | E5: Cantidad dígitos parte decimal (Precisión) | F5: ¿Es autoincremento? | G5: ¿Es obligatorio? | H5: ¿Es llave primeria o es parte de ella? | I5: Llave Foránea | L5: Restricciones de unicidad | N5: Restricciones de chequeo | P5: Restricciones de índice | S5: Alias | T5: Descripción del campo
I6: ¿Es llave foránea? | J6: Entidad | K6: Columna(s) | L6: ¿Posee restricción de unicidad o es parte de ella? | M6: Nombre restricción unicidad a la que pertenece | N6: ¿Posee restricción de chequeo o es parte de ella? | O6: Nombre restricción chequeo a la que pertenece | P6: ¿Posee restricción de índice o es parte de ella? | Q6: Tipo | R6: Nombre restricción índice a la que pertenece
A7: id | B7: UUID | C7: 36 | F7: NO | G7: SI | H7: SI | I7: NO | L7: SI | M7: PK_estado | N7: NO | P7: NO | T7: Identificador único del registro que es generado por la aplicación.
A8: nombre | B8: VARCHAR | C8: 50 | F8: NO | G8: SI | H8: NO | I8: NO | L8: SI | M8: UQ_estado_nombre | N8: NO | P8: NO | T8: Nombre del estado en el que se encuentra una cita. Debe ser único en el sistema.
A9: descripcion | B9: VARCHAR | C9: 300 | F9: NO | G9: SI | H9: NO | I9: NO | L9: NO | N9: NO | P9: NO | T9: Descripción del significado que tiene ese estado para la cita.

Sheet Servicio
A1: <-Volver al inicio
A2: =Entidades!$A$1 -> Entidad | B2: =Entidades!A4 -> Servicio
A3: =Entidades!$B$1 -> Desripción | B3: =Entidades!B4 -> Entidad que almacena los servicios de corte y arreglo que ofrece la barbería, definidos por el dueño, y que luego cada barbero decide si los habilita.
A4: Atributos
A5: Nombre | B5: Tipo de dato | C5: Longitud | D5: Cantidad dígitos parte entera | E5: Cantidad dígitos parte decimal (Precisión) | F5: ¿Es autoincremento? | G5: ¿Es obligatorio? | H5: ¿Es llave primeria o es parte de ella? | I5: Llave Foránea | L5: Restricciones de unicidad | N5: Restricciones de chequeo | P5: Restricciones de índice | S5: Alias | T5: Descripción del campo
I6: ¿Es llave foránea? | J6: Entidad | K6: Columna(s) | L6: ¿Posee restricción de unicidad o es parte de ella? | M6: Nombre restricción unicidad a la que pertenece | N6: ¿Posee restricción de chequeo o es parte de ella? | O6: Nombre restricción chequeo a la que pertenece | P6: ¿Posee restricción de índice o es parte de ella? | Q6: Tipo | R6: Nombre restricción índice a la que pertenece
A7: id | B7: UUID | C7: 36 | F7: NO | G7: SI | H7: SI | I7: NO | L7: SI | M7: PK_servicio | N7: NO | P7: NO | T7: Identificador único del registro que es generado por la aplicación.
A8: nombre | B8: VARCHAR | C8: 50 | F8: NO | G8: SI | H8: NO | I8: NO | L8: SI | M8: UQ_servicio_nombre | N8: NO | P8: NO | T8: Nombre del servicio que ofrece la barbería. Debe ser único en el sistema.
A9: descripcion | B9: VARCHAR | C9: 200 | F9: NO | G9: NO | H9: NO | I9: NO | L9: NO | N9: NO | P9: NO | T9: Descripción de lo que incluye el servicio. Campo opcional.
A10: precio | B10: INT | D10: 7 | F10: NO | G10: SI | H10: NO | I10: NO | L10: NO | N10: SI | O10: CHK_servicio_precio | P10: NO | T10: Valor del servicio en pesos colombianos. Debe estar entre 0 y 2.000.000.
A11: disponible | B11: BOOLEAN | F11: NO | G11: NO | H11: NO | I11: NO | L11: NO | N11: NO | P11: NO | T11: Indica si el servicio sigue estando disponible en la barbería.

Sheet PrefijoCelular
A1: <-Volver al inicio
A2: =Entidades!$A$1 -> Entidad | B2: =Entidades!A5 -> PrefijoCelular
A3: =Entidades!$B$1 -> Desripción | B3: =Entidades!B5 -> Catálogo de prefijos telefónicos de país disponibles para el número de celular de barberos y clientes.
A4: Atributos
A5: Nombre | B5: Tipo de dato | C5: Longitud | D5: Cantidad dígitos parte entera | E5: Cantidad dígitos parte decimal (Precisión) | F5: ¿Es autoincremento? | G5: ¿Es obligatorio? | H5: ¿Es llave primeria o es parte de ella? | I5: Llave Foránea | L5: Restricciones de unicidad | N5: Restricciones de chequeo | P5: Restricciones de índice | S5: Alias | T5: Descripción del campo
I6: ¿Es llave foránea? | J6: Entidad | K6: Columna(s) | L6: ¿Posee restricción de unicidad o es parte de ella? | M6: Nombre restricción unicidad a la que pertenece | N6: ¿Posee restricción de chequeo o es parte de ella? | O6: Nombre restricción chequeo a la que pertenece | P6: ¿Posee restricción de índice o es parte de ella? | Q6: Tipo | R6: Nombre restricción índice a la que pertenece
A7: id | B7: UUID | C7: 36 | F7: NO | G7: SI | H7: SI | I7: NO | L7: SI | M7: PK_prefijoCelular | N7: NO | P7: NO | T7: Identificador único del registro que es generado por la aplicación.
A8: prefijo | B8: VARCHAR | C8: 6 | F8: NO | G8: SI | H8: NO | I8: NO | L8: SI | M8: UQ_prefijoCelular_prefijo | N8: NO | P8: NO | T8: Prefijo telefónico del país, formado por el símbolo + seguido de números. Debe ser único en el sistema.

Sheet TipoMulta
A1: <-Volver al inicio
A2: =Entidades!$A$1 -> Entidad | B2: =Entidades!A6 -> TipoMulta
A3: =Entidades!$B$1 -> Desripción | B3: =Entidades!B6 -> Catálogo de los tipos de multa que se le pueden imponer a un cliente: por tardanza o por inasistencia.
A4: Atributos
A5: Nombre | B5: Tipo de dato | C5: Longitud | D5: Cantidad dígitos parte entera | E5: Cantidad dígitos parte decimal (Precisión) | F5: ¿Es autoincremento? | G5: ¿Es obligatorio? | H5: ¿Es llave primeria o es parte de ella? | I5: Llave Foránea | L5: Restricciones de unicidad | N5: Restricciones de chequeo | P5: Restricciones de índice | S5: Alias | T5: Descripción del campo
I6: ¿Es llave foránea? | J6: Entidad | K6: Columna(s) | L6: ¿Posee restricción de unicidad o es parte de ella? | M6: Nombre restricción unicidad a la que pertenece | N6: ¿Posee restricción de chequeo o es parte de ella? | O6: Nombre restricción chequeo a la que pertenece | P6: ¿Posee restricción de índice o es parte de ella? | Q6: Tipo | R6: Nombre restricción índice a la que pertenece
A7: id | B7: UUID | C7: 36 | F7: NO | G7: SI | H7: SI | I7: NO | L7: SI | M7: PK_tipoMulta | N7: NO | P7: NO | T7: Identificador único del registro que es generado por la aplicación.
A8: nombre | B8: VARCHAR | C8: 50 | F8: NO | G8: SI | H8: NO | I8: NO | L8: SI | M8: UQ_tipoMulta_nombre | N8: NO | P8: NO | T8: Nombre del tipo de multa. Debe ser único en el sistema.
A9: descripcion | B9: VARCHAR | C9: 300 | F9: NO | G9: SI | H9: NO | I9: NO | L9: NO | N9: NO | P9: NO | T9: Descripción de lo que representa cada tipo de multa.

Sheet Barbero
A1: <-Volver al inicio
A2: =Entidades!$A$1 -> Entidad | B2: =Entidades!A7 -> Barbero
A3: =Entidades!$B$1 -> Desripción | B3: =Entidades!B7 -> Entidad que almacena la información de los barberos que trabajan en la barbería, con su contacto, su vigencia y la anticipación mínima que exigen para que les agenden una cita.
A4: Atributos
A5: Nombre | B5: Tipo de dato | C5: Longitud | D5: Cantidad dígitos parte entera | E5: Cantidad dígitos parte decimal (Precisión) | F5: ¿Es autoincremento? | G5: ¿Es obligatorio? | H5: ¿Es llave primeria o es parte de ella? | I5: Llave Foránea | L5: Restricciones de unicidad | N5: Restricciones de chequeo | P5: Restricciones de índice | S5: Alias | T5: Descripción del campo
I6: ¿Es llave foránea? | J6: Entidad | K6: Columna(s) | L6: ¿Posee restricción de unicidad o es parte de ella? | M6: Nombre restricción unicidad a la que pertenece | N6: ¿Posee restricción de chequeo o es parte de ella? | O6: Nombre restricción chequeo a la que pertenece | P6: ¿Posee restricción de índice o es parte de ella? | Q6: Tipo | R6: Nombre restricción índice a la que pertenece
A7: id | B7: UUID | C7: 36 | F7: NO | G7: SI | H7: SI | I7: NO | L7: SI | M7: PK_barbero | N7: NO | P7: NO | T7: Identificador único del registro que es generado por la aplicación.
A8: primerNombre | B8: VARCHAR | C8: 100 | F8: NO | G8: SI | H8: NO | I8: NO | L8: NO | N8: NO | P8: NO | T8: Primer nombre del barbero.
A9: segundoNombre | B9: VARCHAR | C9: 100 | F9: NO | G9: NO | H9: NO | I9: NO | L9: NO | N9: NO | P9: NO | T9: Segundo nombre del barbero. Campo opcional.
A10: primerApellido | B10: VARCHAR | C10: 100 | F10: NO | G10: SI | H10: NO | I10: NO | L10: NO | N10: NO | P10: NO | T10: Primer apellido del barbero.
A11: segundoApellido | B11: VARCHAR | C11: 100 | F11: NO | G11: NO | H11: NO | I11: NO | L11: NO | N11: NO | P11: NO | T11: Segundo apellido del barbero. Campo opcional.
A12: prefijo | B12: UUID | C12: 36 | F12: NO | G12: SI | H12: NO | I12: SI | J12: PrefijoCelular | K12: id | L12: SI | M12: UQ_barbero_prefijo_celular | N12: NO | P12: NO | T12: Referencia al prefijo de país del número de celular del barbero. Único en combinación con celular.
A13: celular | B13: VARCHAR | C13: 15 | F13: NO | G13: SI | H13: NO | I13: NO | L13: SI | M13: UQ_barbero_prefijo_celular | N13: NO | P13: NO | T13: Número de celular del barbero, con el que lo contacta el cliente. Único en combinación con prefijo.
A14: vigente | B14: BOOLEAN | F14: NO | G14: NO | H14: NO | I14: NO | L14: NO | N14: NO | P14: NO | T14: Indica si el barbero sigue trabajando en la barbería.
A15: anticipacionEnHorasParaAgendarCita | B15: INT | D15: 2 | F15: NO | G15: NO | H15: NO | I15: NO | L15: NO | N15: SI | O15: CHK_barbero_anticipacionEnHorasParaAgendarCita | P15: NO | T15: Parte en horas del tiempo mínimo de anticipación con el que se le puede agendar una cita al barbero. Debe estar entre 0 y 720.
A16: anticipacionEnMinutosParaAgendarCita | B16: INT | D16: 2 | F16: NO | G16: NO | H16: NO | I16: NO | L16: NO | N16: SI | O16: CHK_barbero_anticipacionEnMinutosParaAgendarCita | P16: NO | T16: Parte en minutos del tiempo mínimo de anticipación con el que se le puede agendar una cita al barbero. Debe estar entre 0 y 59.

Sheet Cliente
A1: <-Volver al inicio
A2: =Entidades!$A$1 -> Entidad | B2: =Entidades!A8 -> Cliente
A3: =Entidades!$B$1 -> Desripción | B3: =Entidades!B8 -> Entidad que almacena la información de los clientes que solicitan citas en la barbería, junto con sus multas sin pagar y su estado de veto.
A4: Atributos
A5: Nombre | B5: Tipo de dato | C5: Longitud | D5: Cantidad dígitos parte entera | E5: Cantidad dígitos parte decimal (Precisión) | F5: ¿Es autoincremento? | G5: ¿Es obligatorio? | H5: ¿Es llave primeria o es parte de ella? | I5: Llave Foránea | L5: Restricciones de unicidad | N5: Restricciones de chequeo | P5: Restricciones de índice | S5: Alias | T5: Descripción del campo
I6: ¿Es llave foránea? | J6: Entidad | K6: Columna(s) | L6: ¿Posee restricción de unicidad o es parte de ella? | M6: Nombre restricción unicidad a la que pertenece | N6: ¿Posee restricción de chequeo o es parte de ella? | O6: Nombre restricción chequeo a la que pertenece | P6: ¿Posee restricción de índice o es parte de ella? | Q6: Tipo | R6: Nombre restricción índice a la que pertenece
A7: id | B7: UUID | C7: 36 | F7: NO | G7: SI | H7: SI | I7: NO | L7: SI | M7: PK_cliente | N7: NO | P7: NO | T7: Identificador único del registro que es generado por la aplicación.
A8: primerNombre | B8: VARCHAR | C8: 50 | F8: NO | G8: SI | H8: NO | I8: NO | L8: NO | N8: NO | P8: NO | T8: Primer nombre del cliente.
A9: segundoNombre | B9: VARCHAR | C9: 50 | F9: NO | G9: NO | H9: NO | I9: NO | L9: NO | N9: NO | P9: NO | T9: Segundo nombre del cliente. Campo opcional.
A10: primerApellido | B10: VARCHAR | C10: 50 | F10: NO | G10: SI | H10: NO | I10: NO | L10: NO | N10: NO | P10: NO | T10: Primer apellido del cliente.
A11: segundoApellido | B11: VARCHAR | C11: 50 | F11: NO | G11: NO | H11: NO | I11: NO | L11: NO | N11: NO | P11: NO | T11: Segundo apellido del cliente. Campo opcional.
A12: prefijoCelular | B12: UUID | C12: 36 | F12: NO | G12: SI | H12: NO | I12: SI | J12: PrefijoCelular | K12: id | L12: SI | M12: UQ_cliente_prefijoCelular_celular | N12: NO | P12: NO | T12: Referencia al prefijo de país del número de celular del cliente. Único en combinación con celular.
A13: celular | B13: VARCHAR | C13: 15 | F13: NO | G13: SI | H13: NO | I13: NO | L13: SI | M13: UQ_cliente_prefijoCelular_celular | N13: NO | P13: NO | T13: Número de celular del cliente, con el que lo contacta el barbero. Único en combinación con prefijoCelular.
A14: elNumeroCelularEsCorrecto | B14: BOOLEAN | F14: NO | G14: SI | H14: NO | I14: NO | L14: NO | N14: NO | P14: NO | T14: Indica si el número de celular que registró el cliente es correcto.
A15: estaVetado | B15: BOOLEAN | F15: NO | G15: SI | H15: NO | I15: NO | L15: NO | N15: NO | P15: NO | T15: Indica si el cliente está vetado; mientras lo esté no se le puede agendar ninguna cita.

Sheet HorarioBarberia
A1: <-Volver al inicio
A2: =Entidades!$A$1 -> Entidad | B2: =Entidades!A9 -> HorarioBarberia
A3: =Entidades!$B$1 -> Desripción | B3: =Entidades!B9 -> Entidad que registra, día por día, la hora de apertura y de cierre de la barbería, que es el límite dentro del cual debe caber el horario de cualquier barbero.
A4: Atributos
A5: Nombre | B5: Tipo de dato | C5: Longitud | D5: Cantidad dígitos parte entera | E5: Cantidad dígitos parte decimal (Precisión) | F5: ¿Es autoincremento? | G5: ¿Es obligatorio? | H5: ¿Es llave primeria o es parte de ella? | I5: Llave Foránea | L5: Restricciones de unicidad | N5: Restricciones de chequeo | P5: Restricciones de índice | S5: Alias | T5: Descripción del campo
I6: ¿Es llave foránea? | J6: Entidad | K6: Columna(s) | L6: ¿Posee restricción de unicidad o es parte de ella? | M6: Nombre restricción unicidad a la que pertenece | N6: ¿Posee restricción de chequeo o es parte de ella? | O6: Nombre restricción chequeo a la que pertenece | P6: ¿Posee restricción de índice o es parte de ella? | Q6: Tipo | R6: Nombre restricción índice a la que pertenece
A7: id | B7: UUID | C7: 36 | F7: NO | G7: SI | H7: SI | I7: NO | L7: SI | M7: PK_horarioBarberia | N7: NO | P7: NO | T7: Identificador único del registro que es generado por la aplicación.
A8: diaDeLaSemana | B8: UUID | C8: 36 | F8: NO | G8: SI | H8: NO | I8: SI | J8: DiaSemana | K8: id | L8: SI | M8: UQ_horarioBarberia_horario | N8: NO | P8: NO | T8: Referencia al día de la semana en el que abre la barbería.
A9: horaApertura | B9: TIME | F9: NO | G9: NO | H9: NO | I9: NO | L9: SI | M9: UQ_horarioBarberia_horario | N9: NO | P9: NO | T9: Hora a la que abre la barbería ese día.
A10: horaCierre | B10: TIME | F10: NO | G10: SI | H10: NO | I10: NO | L10: SI | M10: UQ_horarioBarberia_horario | N10: NO | P10: NO | T10: Hora a la que cierra la barbería ese día. Debe ser mayor que horaApertura.
A11: fechaCreacion | B11: DATE | F11: NO | G11: SI | H11: NO | I11: NO | L11: SI | M11: UQ_horarioBarberia_horario | N11: NO | P11: NO | T11: Fecha en la que el dueño definió este horario de la barbería.
A12: fechaDesactivacion | B12: DATE | F12: NO | G12: NO | H12: NO | I12: NO | L12: SI | M12: UQ_horarioBarberia_horario | N12: NO | P12: NO | T12: Fecha en la que este horario dejó de estar vigente.
A13: vigente | B13: BOOLEAN | F13: NO | G13: NO | H13: NO | I13: NO | L13: SI | M13: UQ_horarioBarberia_horario | N13: NO | P13: NO | T13: Indica si este horario sigue vigente en la barbería.

Sheet Bloqueo
A1: <-Volver al inicio
A2: =Entidades!$A$1 -> Entidad | B2: =Entidades!A10 -> Bloqueo
A3: =Entidades!$B$1 -> Desripción | B3: =Entidades!B10 -> Entidad que registra los rangos de fecha y hora en los que un barbero no está disponible para atender sus citas.
A4: Atributos
A5: Nombre | B5: Tipo de dato | C5: Longitud | D5: Cantidad dígitos parte entera | E5: Cantidad dígitos parte decimal (Precisión) | F5: ¿Es autoincremento? | G5: ¿Es obligatorio? | H5: ¿Es llave primeria o es parte de ella? | I5: Llave Foránea | L5: Restricciones de unicidad | N5: Restricciones de chequeo | P5: Restricciones de índice | S5: Alias | T5: Descripción del campo
I6: ¿Es llave foránea? | J6: Entidad | K6: Columna(s) | L6: ¿Posee restricción de unicidad o es parte de ella? | M6: Nombre restricción unicidad a la que pertenece | N6: ¿Posee restricción de chequeo o es parte de ella? | O6: Nombre restricción chequeo a la que pertenece | P6: ¿Posee restricción de índice o es parte de ella? | Q6: Tipo | R6: Nombre restricción índice a la que pertenece
A7: id | B7: UUID | C7: 36 | F7: NO | G7: SI | H7: SI | I7: NO | L7: SI | M7: PK_bloqueo | N7: NO | P7: NO | T7: Identificador único del registro que es generado por la aplicación.
A8: barbero | B8: UUID | C8: 36 | F8: NO | G8: SI | H8: NO | I8: SI | J8: Barbero | K8: id | L8: SI | M8: UQ_bloqueo_barbero_fechaHoras | N8: NO | P8: NO | T8: Referencia al barbero al que le pertenece este bloqueo.
A9: fechaHoraInicio | B9: DATETIME | F9: NO | G9: SI | H9: NO | I9: NO | L9: SI | M9: UQ_bloqueo_barbero_fechaHoras | N9: NO | P9: NO | T9: Fecha y hora en la que el barbero deja de estar disponible para atender citas.
A10: fechaHoraFinal | B10: DATETIME | F10: NO | G10: SI | H10: NO | I10: NO | L10: SI | M10: UQ_bloqueo_barbero_fechaHoras | N10: NO | P10: NO | T10: Fecha y hora en la que el barbero vuelve a estar disponible. Debe ser posterior a fechaHoraInicio.

Sheet BarberoServicio
A1: <-Volver al inicio
A2: =Entidades!$A$1 -> Entidad | B2: =Entidades!A11 -> BarberoServicio
A3: =Entidades!$B$1 -> Desripción | B3: =Entidades!B11 -> Entidad asociativa que registra qué servicios sabe hacer cada barbero, cuánto tarda en realizarlos y cuánto tiempo extra reserva para ellos.
A4: Atributos
A5: Nombre | B5: Tipo de dato | C5: Longitud | D5: Cantidad dígitos parte entera | E5: Cantidad dígitos parte decimal (Precisión) | F5: ¿Es autoincremento? | G5: ¿Es obligatorio? | H5: ¿Es llave primeria o es parte de ella? | I5: Llave Foránea | L5: Restricciones de unicidad | N5: Restricciones de chequeo | P5: Restricciones de índice | S5: Alias | T5: Descripción del campo
I6: ¿Es llave foránea? | J6: Entidad | K6: Columna(s) | L6: ¿Posee restricción de unicidad o es parte de ella? | M6: Nombre restricción unicidad a la que pertenece | N6: ¿Posee restricción de chequeo o es parte de ella? | O6: Nombre restricción chequeo a la que pertenece | P6: ¿Posee restricción de índice o es parte de ella? | Q6: Tipo | R6: Nombre restricción índice a la que pertenece
A7: id | B7: UUID | C7: 36 | F7: NO | G7: SI | H7: SI | I7: NO | L7: SI | M7: PK_barberoServicio | N7: NO | P7: NO | T7: Identificador único del registro que es generado por la aplicación.
A8: barbero | B8: UUID | C8: 36 | F8: NO | G8: SI | H8: NO | I8: SI | J8: Barbero | K8: id | L8: SI | M8: UQ_barberoServicio_barbero_servicio | N8: NO | P8: NO | T8: Referencia al barbero que ofrece el servicio. Único en combinación con servicio.
A9: servicio | B9: UUID | C9: 36 | F9: NO | G9: SI | H9: NO | I9: SI | J9: Servicio | K9: id | L9: SI | M9: UQ_barberoServicio_barbero_servicio | N9: NO | P9: NO | T9: Referencia al servicio del catálogo que el barbero sabe realizar. Único en combinación con barbero.
A10: duracionEnHoras | B10: INT | D10: 1 | F10: NO | G10: NO | H10: NO | I10: NO | L10: NO | N10: SI | O10: CHK_barberoServicio_duracionEnHoras | P10: NO | T10: Cantidad de horas que tarda el barbero en realizar el servicio. Debe estar entre 0 y 3.
A11: duracionEnMinutos | B11: INT | D11: 2 | F11: NO | G11: NO | H11: NO | I11: NO | L11: NO | N11: SI | O11: CHK_barberoServicio_duracionEnMinutos | P11: NO | T11: Cantidad de minutos que tarda el barbero en realizar el servicio. Debe estar entre 0 y 59.
A12: tiempoExtra | B12: INT | D12: 2 | F12: NO | G12: NO | H12: NO | I12: NO | L12: NO | N12: SI | O12: CHK_barberoServicio_tiempoExtra | P12: NO | T12: Minutos de colchón que el barbero reserva para este servicio. Debe estar entre 0 y 59.
A13: vigente | B13: BOOLEAN | F13: NO | G13: NO | H13: NO | I13: NO | L13: NO | N13: NO | P13: NO | T13: Indica si el barbero sigue prestando este servicio en la barbería.

Sheet HorarioBarbero
A1: <-Volver al inicio
A2: =Entidades!$A$1 -> Entidad | B2: =Entidades!A12 -> HorarioBarbero
A3: =Entidades!$B$1 -> Desripción | B3: =Entidades!B12 -> Entidad que registra la jornada de trabajo de un barbero dentro de un horario de la barbería, con la hora en la que empieza, la hora en la que termina y su vigencia.
A4: Atributos
A5: Nombre | B5: Tipo de dato | C5: Longitud | D5: Cantidad dígitos parte entera | E5: Cantidad dígitos parte decimal (Precisión) | F5: ¿Es autoincremento? | G5: ¿Es obligatorio? | H5: ¿Es llave primeria o es parte de ella? | I5: Llave Foránea | L5: Restricciones de unicidad | N5: Restricciones de chequeo | P5: Restricciones de índice | S5: Alias | T5: Descripción del campo
I6: ¿Es llave foránea? | J6: Entidad | K6: Columna(s) | L6: ¿Posee restricción de unicidad o es parte de ella? | M6: Nombre restricción unicidad a la que pertenece | N6: ¿Posee restricción de chequeo o es parte de ella? | O6: Nombre restricción chequeo a la que pertenece | P6: ¿Posee restricción de índice o es parte de ella? | Q6: Tipo | R6: Nombre restricción índice a la que pertenece
A7: id | B7: UUID | C7: 36 | F7: NO | G7: SI | H7: SI | I7: NO | L7: SI | M7: PK_horarioBarbero | N7: NO | P7: NO | T7: Identificador único del registro que es generado por la aplicación.
A8: barbero | B8: UUID | C8: 36 | F8: NO | G8: SI | H8: NO | I8: SI | J8: Barbero | K8: id | L8: SI | M8: UQ_horarioBarbero_barbero_horario | N8: NO | P8: NO | T8: Referencia al barbero dueño de este horario de trabajo.
A9: horarioDeLaBarberia | B9: UUID | C9: 36 | F9: NO | G9: SI | H9: NO | I9: SI | J9: HorarioBarberia | K9: id | L9: SI | M9: UQ_horarioBarbero_barbero_horario | N9: NO | P9: NO | T9: Referencia al horario de la barbería dentro del cual debe caber esta jornada.
A10: horaInicio | B10: TIME | F10: NO | G10: SI | H10: NO | I10: NO | L10: SI | M10: UQ_horarioBarbero_barbero_horario | N10: NO | P10: NO | T10: Hora en la que el barbero empieza a estar disponible ese día.
A11: horaFinal | B11: TIME | F11: NO | G11: SI | H11: NO | I11: NO | L11: SI | M11: UQ_horarioBarbero_barbero_horario | N11: NO | P11: NO | T11: Hora en la que el barbero deja de estar disponible ese día. Debe ser mayor que horaInicio.
A12: fechaCreacion | B12: DATE | F12: NO | G12: SI | H12: NO | I12: NO | L12: NO | N12: NO | P12: NO | T12: Fecha en la que el barbero creó este horario de trabajo.
A13: fechaDesactivacion | B13: DATE | F13: NO | G13: NO | H13: NO | I13: NO | L13: NO | N13: NO | P13: NO | T13: Fecha en la que este horario dejó de estar vigente.
A14: vigente | B14: BOOLEAN | F14: NO | G14: SI | H14: NO | I14: NO | L14: NO | N14: NO | P14: NO | T14: Indica si el barbero sigue usando este horario de trabajo.

Sheet Agenda
A1: <-Volver al inicio
A2: =Entidades!$A$1 -> Entidad | B2: =Entidades!A13 -> Agenda
A3: =Entidades!$B$1 -> Desripción | B3: =Entidades!B13 -> Entidad que representa el día concreto de trabajo de un barbero, según su horario, en el que se agrupan todas las citas de ese día.
A4: Atributos
A5: Nombre | B5: Tipo de dato | C5: Longitud | D5: Cantidad dígitos parte entera | E5: Cantidad dígitos parte decimal (Precisión) | F5: ¿Es autoincremento? | G5: ¿Es obligatorio? | H5: ¿Es llave primeria o es parte de ella? | I5: Llave Foránea | L5: Restricciones de unicidad | N5: Restricciones de chequeo | P5: Restricciones de índice | S5: Alias | T5: Descripción del campo
I6: ¿Es llave foránea? | J6: Entidad | K6: Columna(s) | L6: ¿Posee restricción de unicidad o es parte de ella? | M6: Nombre restricción unicidad a la que pertenece | N6: ¿Posee restricción de chequeo o es parte de ella? | O6: Nombre restricción chequeo a la que pertenece | P6: ¿Posee restricción de índice o es parte de ella? | Q6: Tipo | R6: Nombre restricción índice a la que pertenece
A7: id | B7: UUID | C7: 36 | F7: NO | G7: SI | H7: SI | I7: NO | L7: SI | M7: PK_agenda | N7: NO | P7: NO | T7: Identificador único del registro que es generado por la aplicación.
A8: horarioDelBarbero | B8: UUID | C8: 36 | F8: NO | G8: SI | H8: NO | I8: SI | J8: HorarioBarbero | K8: id | L8: SI | M8: UQ_agenda_horarioDelBarbero_fecha | N8: NO | P8: NO | T8: Referencia al horario de trabajo del barbero al que pertenece esta agenda. Único en combinación con fecha.
A9: fecha | B9: DATE | F9: NO | G9: SI | H9: NO | I9: NO | L9: SI | M9: UQ_agenda_horarioDelBarbero_fecha | N9: NO | P9: NO | T9: Fecha concreta para la que esta agenda recibe las citas del barbero. Única en combinación con horarioDelBarbero.

Sheet Cita
A1: <-Volver al inicio
A2: =Entidades!$A$1 -> Entidad | B2: =Entidades!A14 -> Cita
A3: =Entidades!$B$1 -> Desripción | B3: =Entidades!B14 -> Entidad que registra la reserva de un cliente con un barbero para una fecha y hora concretas, con su estado, los tiempos reales de la atención y el valor que debe pagar el cliente.
A4: Atributos
A5: Nombre | B5: Tipo de dato | C5: Longitud | D5: Cantidad dígitos parte entera | E5: Cantidad dígitos parte decimal (Precisión) | F5: ¿Es autoincremento? | G5: ¿Es obligatorio? | H5: ¿Es llave primeria o es parte de ella? | I5: Llave Foránea | L5: Restricciones de unicidad | N5: Restricciones de chequeo | P5: Restricciones de índice | S5: Alias | T5: Descripción del campo
I6: ¿Es llave foránea? | J6: Entidad | K6: Columna(s) | L6: ¿Posee restricción de unicidad o es parte de ella? | M6: Nombre restricción unicidad a la que pertenece | N6: ¿Posee restricción de chequeo o es parte de ella? | O6: Nombre restricción chequeo a la que pertenece | P6: ¿Posee restricción de índice o es parte de ella? | Q6: Tipo | R6: Nombre restricción índice a la que pertenece
A7: id | B7: UUID | C7: 36 | F7: NO | G7: SI | H7: SI | I7: NO | L7: SI | M7: PK_cita | N7: NO | P7: NO | T7: Identificador único del registro que es generado por la aplicación.
A8: cliente | B8: UUID | C8: 36 | F8: NO | G8: SI | H8: NO | I8: SI | J8: Cliente | K8: id | L8: NO | M8: UQ_cita_agenda_horaInicio | N8: NO | P8: NO | T8: Referencia al cliente al que le pertenece esta cita.
A9: agenda | B9: UUID | C9: 36 | F9: NO | G9: SI | H9: NO | I9: SI | J9: Agenda | K9: id | L9: SI | M9: UQ_cita_agenda_horaInicio | N9: NO | P9: NO | T9: Referencia a la agenda del barbero en la que queda esta cita. Única en combinación con horaInicio.
A10: estado | B10: UUID | C10: 36 | F10: NO | G10: SI | H10: NO | I10: SI | J10: Estado | K10: id | L10: NO | N10: NO | P10: NO | T10: Referencia al estado en el que se encuentra esta cita.
A11: horaInicio | B11: TIME | F11: NO | G11: SI | H11: NO | I11: NO | L11: SI | M11: UQ_cita_agenda_horaInicio | N11: NO | P11: NO | T11: Hora en la que se le va a realizar la cita al cliente. Única en combinación con agenda.
A12: horaFinEstimada | B12: TIME | F12: NO | G12: SI | H12: NO | I12: NO | L12: NO | N12: NO | P12: NO | T12: Hora en la que se espera que termine la cita, sumando a horaInicio la duración total de los servicios pedidos.
A13: horaLlegadaCliente | B13: TIME | F13: NO | G13: NO | H13: NO | I13: NO | L13: NO | N13: NO | P13: NO | T13: Hora real en la que el cliente llegó a la barbería para esta cita.
A14: horaDelBarberoPreparado | B14: TIME | F14: NO | G14: NO | H14: NO | I14: NO | L14: NO | N14: NO | P14: NO | T14: Hora real en la que el barbero quedó listo para empezar a atender esta cita.
A15: horaInicioAtencion | B15: TIME | F15: NO | G15: NO | H15: NO | I15: NO | L15: NO | N15: NO | P15: NO | T15: Hora real en la que el barbero empezó a atender al cliente.
A16: horaFinAtencion | B16: TIME | F16: NO | G16: NO | H16: NO | I16: NO | L16: NO | N16: NO | P16: NO | T16: Hora real en la que el barbero terminó de atender al cliente.
A17: duracionHoras | B17: INT | D17: 1 | F17: NO | G17: NO | H17: NO | I17: NO | L17: NO | N17: SI | O17: CHK_cita_duracionHoras | P17: NO | T17: Parte en horas de la duración total de la cita. Debe estar entre 0 y 3.
A18: duracionMinutos | B18: INT | D18: 2 | F18: NO | G18: NO | H18: NO | I18: NO | L18: NO | N18: SI | O18: CHK_cita_duracionMinutos | P18: NO | T18: Parte en minutos de la duración total de la cita. Debe estar entre 0 y 59.
A19: minutosTardanzaCliente | B19: INT | D19: 3 | F19: NO | G19: NO | H19: NO | I19: NO | L19: NO | N19: SI | O19: CHK_cita_minutosTardanzaCliente | P19: NO | T19: Minutos que el cliente llegó después de horaInicio. Debe estar entre 0 y 300.
A20: minutosDemoraBarbero | B20: INT | D20: 3 | F20: NO | G20: NO | H20: NO | I20: NO | L20: NO | N20: SI | O20: CHK_cita_minutosDemoraBarbero | P20: NO | T20: Minutos que el barbero tardó en empezar a atender después de la llegada del cliente. Debe estar entre 0 y 300.
A21: porcentajeDescuento | B21: INT | D21: 3 | F21: NO | G21: NO | H21: NO | I21: NO | L21: NO | N21: SI | O21: CHK_cita_porcentajeDescuento | P21: NO | T21: Porcentaje de descuento que el barbero deja congelado en la cita por si se demora en atenderla. Debe estar entre 0 y 100.
A22: multa | B22: INT | D22: 7 | F22: NO | G22: NO | H22: NO | I22: NO | L22: NO | N22: SI | O22: CHK_cita_multa | P22: NO | T22: Valor de la sanción que se le cobra al cliente si su tardanza supera el tiempoEspera de esta cita. Debe estar entre 0 y 1.000.000.
A23: tiempoEspera | B23: INT | D23: 2 | F23: NO | G23: NO | H23: NO | I23: NO | L23: NO | N23: SI | O23: CHK_cita_tiempoEspera | P23: NO | T23: Minutos de tolerancia que aplican por igual al cliente y al barbero en esta cita. Debe estar entre 0 y 60.
A24: precioTotal | B24: INT | D24: 7 | F24: NO | G24: SI | H24: NO | I24: NO | L24: NO | N24: SI | O24: CHK_cita_precioTotal | P24: NO | T24: Valor que debe pagar el cliente por los servicios de esta cita, menos el descuento si aplicó. Debe estar entre 0 y 3.000.000.

Sheet CitaServicio
A1: <-Volver al inicio
A2: =Entidades!$A$1 -> Entidad | B2: =Entidades!A15 -> CitaServicio
A3: =Entidades!$B$1 -> Desripción | B3: =Entidades!B15 -> Entidad asociativa que registra cada servicio incluido dentro de una cita, congelando el precio y la duración que tenía ese servicio para ese barbero en el momento de agendarla.
A4: Atributos
A5: Nombre | B5: Tipo de dato | C5: Longitud | D5: Cantidad dígitos parte entera | E5: Cantidad dígitos parte decimal (Precisión) | F5: ¿Es autoincremento? | G5: ¿Es obligatorio? | H5: ¿Es llave primeria o es parte de ella? | I5: Llave Foránea | L5: Restricciones de unicidad | N5: Restricciones de chequeo | P5: Restricciones de índice | S5: Alias | T5: Descripción del campo
I6: ¿Es llave foránea? | J6: Entidad | K6: Columna(s) | L6: ¿Posee restricción de unicidad o es parte de ella? | M6: Nombre restricción unicidad a la que pertenece | N6: ¿Posee restricción de chequeo o es parte de ella? | O6: Nombre restricción chequeo a la que pertenece | P6: ¿Posee restricción de índice o es parte de ella? | Q6: Tipo | R6: Nombre restricción índice a la que pertenece
A7: id | B7: UUID | C7: 36 | F7: NO | G7: SI | H7: SI | I7: NO | L7: SI | M7: PK_citaServicio | N7: NO | P7: NO | T7: Identificador único del registro que es generado por la aplicación.
A8: cita | B8: UUID | C8: 36 | F8: NO | G8: SI | H8: NO | I8: SI | J8: Cita | K8: id | L8: SI | M8: UQ_citaServicio_cita_barberoServicio | N8: NO | P8: NO | T8: Referencia a la cita a la que pertenece este servicio pedido. Única en combinación con barberoServicio.
A9: barberoServicio | B9: UUID | C9: 36 | F9: NO | G9: SI | H9: NO | I9: SI | J9: BarberoServicio | K9: id | L9: SI | M9: UQ_citaServicio_cita_barberoServicio | N9: NO | P9: NO | T9: Referencia al servicio del barbero que se pidió en esta cita. Única en combinación con cita.
A10: precioServicio | B10: INT | D10: 7 | F10: NO | G10: SI | H10: NO | I10: NO | L10: NO | N10: SI | O10: CHK_citaServicio_precioServicio | P10: NO | T10: Precio que tenía el servicio en el momento en que se agendó la cita. Debe estar entre 0 y 2.000.000.
A11: duracionEnHorasElServicio | B11: INT | D11: 1 | F11: NO | G11: SI | H11: NO | I11: NO | L11: NO | N11: SI | O11: CHK_citaServicio_duracionEnHorasElServicio | P11: NO | T11: Duración en horas que tenía el servicio para ese barbero en el momento de agendar la cita. Debe estar entre 0 y 3.
A12: duracionEnMinutosElServicio | B12: INT | D12: 2 | F12: NO | G12: SI | H12: NO | I12: NO | L12: NO | N12: SI | O12: CHK_citaServicio_duracionEnMinutosElServicio | P12: NO | T12: Duración en minutos que tenía el servicio para ese barbero en el momento de agendar la cita. Debe estar entre 0 y 59.
A13: tiempoExtra | B13: INT | D13: 2 | F13: NO | G13: SI | H13: NO | I13: NO | L13: NO | N13: SI | O13: CHK_citaServicio_tiempoExtra | P13: NO | T13: Tiempo extra en minutos que el barbero tenía configurado para este servicio al agendar la cita. Debe estar entre 0 y 59.

Sheet Multa
A1: <-Volver al inicio
A2: =Entidades!$A$1 -> Entidad | B2: =Entidades!A16 -> Multa
A3: =Entidades!$B$1 -> Desripción | B3: =Entidades!B16 -> Entidad que registra la sanción económica impuesta a un cliente por incumplir una cita, ya sea por tardanza o por inasistencia, con su monto y su estado de pago.
A4: Atributos
A5: Nombre | B5: Tipo de dato | C5: Longitud | D5: Cantidad dígitos parte entera | E5: Cantidad dígitos parte decimal (Precisión) | F5: ¿Es autoincremento? | G5: ¿Es obligatorio? | H5: ¿Es llave primeria o es parte de ella? | I5: Llave Foránea | L5: Restricciones de unicidad | N5: Restricciones de chequeo | P5: Restricciones de índice | S5: Alias | T5: Descripción del campo
I6: ¿Es llave foránea? | J6: Entidad | K6: Columna(s) | L6: ¿Posee restricción de unicidad o es parte de ella? | M6: Nombre restricción unicidad a la que pertenece | N6: ¿Posee restricción de chequeo o es parte de ella? | O6: Nombre restricción chequeo a la que pertenece | P6: ¿Posee restricción de índice o es parte de ella? | Q6: Tipo | R6: Nombre restricción índice a la que pertenece
A7: id | B7: UUID | C7: 36 | F7: NO | G7: SI | H7: SI | I7: NO | L7: SI | M7: PK_multa | N7: NO | P7: NO | T7: Identificador único del registro que es generado por la aplicación.
A8: cita | B8: UUID | C8: 36 | F8: NO | G8: SI | H8: NO | I8: SI | J8: Cita | K8: id | L8: SI | M8: UQ_multa_cita | N8: NO | P8: NO | T8: Referencia a la cita que el cliente incumplió y que originó la multa. Única por multa.
A9: tipo | B9: UUID | C9: 36 | F9: NO | G9: SI | H9: NO | I9: SI | J9: TipoMulta | K9: id | L9: NO | N9: NO | P9: NO | T9: Referencia al tipo de multa que se le impuso al cliente: tardanza o inasistencia.
A10: monto | B10: INT | D10: 7 | F10: NO | G10: SI | H10: NO | I10: NO | L10: NO | N10: SI | O10: CHK_multa_monto | P10: NO | T10: Valor en pesos colombianos que debe pagar el cliente por esta multa. Debe estar entre 0 y 1.000.000.
A11: horaGeneracion | B11: TIME | F11: NO | G11: SI | H11: NO | I11: NO | L11: NO | N11: NO | P11: NO | T11: Hora en la que el sistema generó esta multa, dentro del día de la agenda de la cita que la originó.
A12: fechaHoraPago | B12: DATETIME | F12: NO | G12: NO | H12: NO | I12: NO | L12: NO | N12: NO | P12: NO | T12: Fecha y hora en la que el cliente pagó esta multa.
A13: pagada | B13: BOOLEAN | F13: NO | G13: SI | H13: NO | I13: NO | L13: NO | N13: NO | P13: NO | T13: Indica si el cliente ya pagó esta multa; es el dato con el que se decide si queda vetado.

Sheet Valores
A1: Relación | B1: Tipo relación | C1: Estado | D1: TipoIndice
A2: Necesita de | B2: Asociación | C2: SI | D2: ASC
A3: Es usada por | C3: NO | D3: DESC
