Workbook

Sheet Modelo de Dominio
A1: Ir a objetos de dominio >>>>

Sheet Objetos de Dominio
A1: <<<< Ir al modulo de dominio
A2: Nombre | B2: Descripcion | C2: Linea de vida | D2: Datos
A3: Dueño | B3: Representa a quien va crear la regla de la barberia, los horarios de la barberia y los servicios de la barberia | C3: 1
A4: Barbero | B4: Representa a un trabajador de la barbería que atiende clientes según los servicios que sabe realizar y que organiza su tiempo a través de su propia agenda | C4: 1
A5: Cliente | B5: Representa a la persona que solicita citas en la barbería, el se las pide a un barbero por WhatsApp. Su valor esta en darle al sistema un historial por persona: que citas ha pedido, que multas tiene y si esta o no vetado, para que cualquier barbero sepa con quien esta tratando antes de agendarle | C5: 1
A6: HorarioBarberia | B6: Representa, día por día, a que hora abre y cierra el negocio. Es el límite dentro del cual tiene que caber el horario de cualquier barbero, nadie puede trabajar antes de que abra ni después de que cierre | C6: 2
A7: Regla | B7: Representa las políticas de la barbería frente al incumplimiento de los clientes: cuantos minutos de tolerancia se dan antes de considerar tardanza, cuanto vale la multa fija por llegar tarde, y cuantas multas sin pagar activan un veto | C7: 2
A8: Servicio | B8: Representa cada tipo de corte o arreglo que ha definido el dueño, con su nombre y su precio. | C8: 2
A9: BarberoServicio | B9: Representa que servicios realiza cada barbero, ya que no todos los barberos de la barbería ofrecen los mismos servicios, mostrando lo que demora cada barbero en realizar ese servicio y un tiempo de desfase en caso de que se demore más en realizar el servicio | C9: 3
A10: Agenda | B10: Representa la agenda propia de un barbero. Es donde se organiza su horario de trabajo, las citas que se le van agendando, sus descansos de trabajo y momentos del tiempo en el que no pueda trabajr en el horario de trabajo | C10: 3
A11: Descanso | B11: Representa los momentos dentro del horario semanal de un barbero en los que no está disponible para atender, aunque ese día sí trabaje (por ejemplo, la hora del almuerzo). Se repite cada semana junto con el horario de barbero de la agenda | C11: 4
A12: Bloqueo | B12: Representa un momento puntual en una fecha y hora específica, en el que un barbero no puede trabajar por un compromiso personal, aunque ese día normalmente sí trabaje según su horario. A diferencia de Descanso, no se repite semana a semana: aplica solo para esa fecha y hora, y es lo que le permite a la agenda del barbero reflejar cambios temporales sin alterar su horario habitual | C12: 4
A13: Cita | B13: Representa la reserva de un cliente con un barbero para una fecha y hora puntual. La cita puede tener cinco estados (agendada, atendida, retraso, incumplida, cancelada) | C13: 4
A14: CitaServicio | B14: Representa cada servicio incluido dentro de una cita puntual, guardando el precio y la duración que tenía ese servicio en el momento exacto en que se agendó, para que cambios futuros en el catálogo no alteren citas ya registradas | C14: 5
A15: Multa | B15: Representa la sanción económica que se le impone a un cliente por incumplir una cita (llegar tarde fuera de tolerancia o no presentarse), calculada a partir de la cita específica que la originó | C15: 6

Sheet M-Dueño
A1: <<<< Ir al modulo de dominio | B1: <<<< Ir a objetos de dominio
A2: Representa un identificador que hará unico cada objeto de dominio de este tipo, no se puede repetir | B2: Representa el correo electronico del dueño de la barberia, con el que se va a registrar o iniciar seción. Su valor por defecto es el vacio y no es permitido | C2: Representa la contraseña encriptada del dueño de la barberia. Su tipo de dato es alfanumérico, su valor por defecto es el vacio y no esta permitido | D2: Representa el nombre de como el dueño quiere que los barberos vean su nombre en las desiciones de la barberia
A3: id | B3: correo | C3: contraseña | D3: nombre
A4: 1 | B4: dueniodelabarberia12345@gmail.com | C4: $2b$12$ArgOhAQEFEYiMG55jPsz9uVYEx8lc35b7Y8CJbpqSk0nB079OkbO. | D4: Carlos
B10: Corresponde a la descripcion de los atributos
B11: Corresponde al identificador unico del objeto de dominio
B12: Corresponde a los datos de tipo alfanumerico

Sheet M-Barbero
A1: <<<< Ir al modulo de dominio | B1: <<<< Ir a objetos de dominio
A2: Representa un identificador que hará unico cada objeto de dominio de este tipo, no se puede repetir | B2: Representa el primer nombre del barbero que trabaja en barbería. Su tipo de dato es texto, su valor por defecto es el vacio y no es permitido | C2: Representa el segundo nombre del barbero que trabaja en barbería. Su tipo de dato es texto, su valor por defecto es el vacio y es permitido | D2: Representa el primer apellido del barbero que trabaja en la barbería. Su tipo de dato es texto, su valor por defecto es el vacio y no es permitido | E2: Representa el segundo apellido del barbero que trabaja en la barbería. Su tipo de dato es texto, su valor por defecto es el vacio y es permitido | F2: Representa de que pais es el numero de celular del barbero. Su tipo de dato es alfanumérico, su valor por defecto es +0 y no es permitido | G2: Representa el número de celular del barbero. Su valor por defecto es 0 y no es permitido | H2: Representa el correo electronico del barbero, con el que se va a registrar o iniciar seción. Su valor por defecto es el vacio y no es permitido | I2: Representa la contraseña encriptada del barbero. Su tipo de dato es alfanumérico, su valor por defecto es el vacio y no esta permitido | J2: Representa si el barbero sigue o no trabajando. Es un dato calculado, si el barbero tiene en su agenda un horario de trabajo si es vigente y si no tiene horario de trabajo dice no es vigente | K2: Combinacion única que indica que no puede existir más de un barbero con el mismo nombre, apellidos, prefijo de celular y número de celular
A3: id | B3: primerNombre | C3: segundoNombre | D3: primerApellido | E3: segundoApellido | F3: prefijo | G3: celular | H3: correo | I3: contraseña | J3: vigente | K3: Combinación única
A4: 1 | B4: Juan | C4: Fernando | D4: García | E4: Lopez | F4: +57 | G4: 3245627890 | H4: juanfer234535@gmail.com | I4: $2b$12$Ce2ZsSJaOpx4iq5W.LNrCuvonh1fxNgpYYqBddeR50IjtYsh9n97C | J4: si | K4: =_xlfn.CONCAT(B4,"-",C4,"-",D4,"-",E4,"-",F4,"-",G4) -> Juan-Fernando-García-Lopez-+57-3245627890
A5: 2 | B5: Juan | C5: David | D5: Ortiz | E5: Sanchez | F5: +57 | G5: 3124518923 | H5: juandaviddd2525@gmail.com | I5: $2b$12$4dn1n10vtv3SpDX5ryR2FOluaaros/pqDXz8liKcEp/7JG7TBvqAK | J5: si | K5: =_xlfn.CONCAT(B5,"-",C5,"-",D5,"-",E5,"-",F5,"-",G5) -> Juan-David-Ortiz-Sanchez-+57-3124518923
A6: 3 | B6: Carlos | D6: Arbeladez | F6: +57 | G6: 3214533321 | H6: carlosbeladez@gmail.com | I6: $2b$12$htWWNCh.2QPjVycBmNb5ROHBO21L9p7hlWyFtctUtP4SbV3yBNqei | J6: si | K6: =_xlfn.CONCAT(B6,"-",C6,"-",D6,"-",E6,"-",F6,"-",G6) -> Carlos--Arbeladez--+57-3214533321
A7: 4 | B7: Andres | D7: Ramirez | E7: Patiño | F7: +91 | G7: 9876543210 | H7: andresramirezpatino123@gmail.com | I7: $2b$12$IzNJVnlQl1UX5Py84yi5jOE1yuEdUrA.0Okt.BidVKs8biBdotH7W | J7: no | K7: =_xlfn.CONCAT(B7,"-",C7,"-",D7,"-",E7,"-",F7,"-",G7) -> Andres--Ramirez-Patiño-+91-9876543210
A8: 5 | B8: Juan | C8: Carlos | D8: Zambrano | E8: Perez | F8: +593 | G8: 998765432 | H8: juancarloszambrano4394@gmail.com | I8: $2b$12$mlxS0WUooP1stXSQdVR8EeBoYrgBrP5czZRqSvIgvelxUIGcwFgh. | J8: no | K8: =_xlfn.CONCAT(B8,"-",C8,"-",D8,"-",E8,"-",F8,"-",G8) -> Juan-Carlos-Zambrano-Perez-+593-998765432
B14: Corresponde a la descripcion de los atributos
B15: Corresponde al identificador unico del objeto de dominio
B16: Corresponde a los datos de tipo alfanumerico
B17: Corresponde a los datos calculados por el sistema
B18: Corresponde a la combinacion única

Sheet M-Cliente
A1: <<<< Ir al modulo de dominio | B1: <<<< Ir a objetos de dominio
A2: Representa un identificador que hará unico cada objeto de dominio de este tipo, no se puede repetir | B2: Representa el primer nombre de la persona, que va a estar llendo a la barberia para las citas. Su valor por defecto es el vacío y no es permitido | C2: Representa el segundo nombre de la persona, que va a estar llendo a la barberia para las citas. Su valor por defecto es el vacío y es permitido | D2: Representa el primer apellido de la persona, que va a estar llendo a la barberia para las citas. Su valor por defecto es el vacío y no es permitido | E2: Representa el segundo apellido de la persona, que va a estar llendo a la barberia para las citas. Su valor por defecto es el vacío y es permitido | F2: Representa de que pais es el numero de celular del cliente. Su valor por defecto es +0 (este prefijo no representa a ningún país) y no es permitido | G2: Representa el numero de celular de la persona que le va a escribir al barbero por WhatsApp para pedirle una cita. Su valor por defecto es el 0 y no es permitido | H2: Representa la cantidad de multas que tiene sin pagar en las citas que ha tenido, ya sea multa por tardanza o por no llegar | I2: Representa si el cliente esta en estado de veto o no, cuando el cliente esta vetado el sistema no va a permitir agendar citas con este cliente con ningun barbero | J2: Combinacion única que indica que no puede existir más de un cliente con un mismo nombre, apellidos, prefijo de celular y número de celular
A3: id | B3: primerNombre | C3: segundoNombre | D3: primerApellido | E3: segundoApellido | F3: prefijoCelular | G3: celular | H3: multasSinPagar | I3: estaVetado | J3: Combinación única
A4: 1 | B4: Juan | D4: Gómez | F4: +57 | G4: 3234528921 | H4: 0 | I4: no | J4: =_xlfn.CONCAT(B4,"-",C4,"-",D4,"-",E4,"-",F4,"-",G4) -> Juan--Gómez--+57-3234528921
A5: 2 | B5: Jose | C5: Miguel | D5: Ramirez | E5: Perez | F5: +57 | G5: 3161657782 | H5: 0 | I5: no | J5: =_xlfn.CONCAT(B5,"-",C5,"-",D5,"-",E5,"-",F5,"-",G5) -> Jose-Miguel-Ramirez-Perez-+57-3161657782
A6: 3 | B6: Simon | D6: Ochoa | E6: Ramirez | F6: +57 | G6: 3119884321 | H6: 0 | I6: no | J6: =_xlfn.CONCAT(B6,"-",C6,"-",D6,"-",E6,"-",F6,"-",G6) -> Simon--Ochoa-Ramirez-+57-3119884321
A7: 4 | B7: Alexis | D7: Gallego | F7: +58 | G7: 4127359182 | H7: 1 | I7: no | J7: =_xlfn.CONCAT(B7,"-",C7,"-",D7,"-",E7,"-",F7,"-",G7) -> Alexis--Gallego--+58-4127359182
A8: 5 | B8: Kevin | C8: Andrés | D8: Muñoz | E8: Salazar | F8: +57 | G8: 3005544332 | H8: 3 | I8: si | J8: =_xlfn.CONCAT(B8,"-",C8,"-",D8,"-",E8,"-",F8,"-",G8) -> Kevin-Andrés-Muñoz-Salazar-+57-3005544332
B14: Corresponde a la descripcion de los atributos
B15: Corresponde al identificador unico del objeto de dominio
B16: Corresponde a los datos de tipo alfanumerico
B17: Corresponde a los datos calculados por el sistema
B18: Corresponde a la combinacion única

Sheet M-HorarioBarberia
A1: <<<< Ir al modulo de dominio | B1: <<<< Ir a objetos de dominio
A2: Representa un identificador que hará unico cada objeto de dominio de este tipo, no se puede repetir | B2: Representa que el dueño tomo la decisión de agregar un horario para la barberia | C2: Representa el día de la semana en que aplica este horario, es necesario para saber que días abrirá la barberia. Su valor por defecto es el vacio y no es permitido, el barbero solo podra seleccionar los días de la semana | D2: Representa la hora a la que abre la barbería. Su valor por defecto es 00:00 y es permitido | E2: Representa la hora a la que cierra la barbería. Su valor por defecto es 00:00 y no es permitido | I2: Combinacion única que indica que no puede existir más de un horario con la misma barberia, dia de la semana, hora de apertura y cierre
A3: id | B3: dueño | C3: dia | D3: horaApertura | E3: horaCierre | F3: fechaCreacion | G3: fechaDesactivacion | H3: vigente | I3: Combinación única
A4: 1 | B4: ='M-Dueño'!D4 -> Carlos | C4: Lunes | D4: 0.375 | E4: 0.79166667 | F4: 44265 | G4: 01/01/1000 | H4: si | I4: =_xlfn.CONCAT(C4,"-",TEXT(D4,"hh:mm"),"-",TEXT(E4,"hh:mm"),"-",TEXT(F4,"dd/mm/yyyy"),"-",TEXT(G4,"dd/mm/yyyy")) -> Lunes-09:00-19:00-10/03/2021-01/01/1000
A5: 2 | B5: ='M-Dueño'!D4 -> Carlos | C5: Martes | D5: 0.375 | E5: 0.79166667 | F5: 44265 | G5: 01/01/1000 | H5: si | I5: =_xlfn.CONCAT(C5,"-",TEXT(D5,"hh:mm"),"-",TEXT(E5,"hh:mm"),"-",TEXT(F5,"dd/mm/yyyy"),"-",TEXT(G5,"dd/mm/yyyy")) -> Martes-09:00-19:00-10/03/2021-01/01/1000
A6: 3 | B6: ='M-Dueño'!D4 -> Carlos | C6: Miércoles | D6: 0.375 | E6: 0.79166667 | F6: 44265 | G6: 01/01/1000 | H6: si | I6: =_xlfn.CONCAT(C6,"-",TEXT(D6,"hh:mm"),"-",TEXT(E6,"hh:mm"),"-",TEXT(F6,"dd/mm/yyyy"),"-",TEXT(G6,"dd/mm/yyyy")) -> Miércoles-09:00-19:00-10/03/2021-01/01/1000
A7: 4 | B7: ='M-Dueño'!D4 -> Carlos | C7: Jueves | D7: 0.375 | E7: 0.79166667 | F7: 44265 | G7: 01/01/1000 | H7: si | I7: =_xlfn.CONCAT(C7,"-",TEXT(D7,"hh:mm"),"-",TEXT(E7,"hh:mm"),"-",TEXT(F7,"dd/mm/yyyy"),"-",TEXT(G7,"dd/mm/yyyy")) -> Jueves-09:00-19:00-10/03/2021-01/01/1000
A8: 5 | B8: ='M-Dueño'!D4 -> Carlos | C8: Viernes | D8: 0.375 | E8: 0.79166667 | F8: 44265 | G8: 01/01/1000 | H8: si | I8: =_xlfn.CONCAT(C8,"-",TEXT(D8,"hh:mm"),"-",TEXT(E8,"hh:mm"),"-",TEXT(F8,"dd/mm/yyyy"),"-",TEXT(G8,"dd/mm/yyyy")) -> Viernes-09:00-19:00-10/03/2021-01/01/1000
A9: 6 | B9: ='M-Dueño'!D4 -> Carlos | C9: Sábado | D9: 0.33333333 | E9: 0.875 | F9: 45626 | G9: 46023 | H9: no | I9: =_xlfn.CONCAT(C9,"-",TEXT(D9,"hh:mm"),"-",TEXT(E9,"hh:mm"),"-",TEXT(F9,"dd/mm/yyyy"),"-",TEXT(G9,"dd/mm/yyyy")) -> Sábado-08:00-21:00-30/11/2024-01/01/2026
A10: 7 | B10: ='M-Dueño'!D4 -> Carlos | C10: Festivo | D10: 0.41666667 | E10: 0.625 | F10: 45879 | G10: 46215 | H10: no | I10: =_xlfn.CONCAT(C10,"-",TEXT(D10,"hh:mm"),"-",TEXT(E10,"hh:mm"),"-",TEXT(F10,"dd/mm/yyyy"),"-",TEXT(G10,"dd/mm/yyyy")) -> Festivo-10:00-15:00-10/08/2025-12/07/2026
B16: Corresponde a la descripcion de los atributos
B17: Corresponde al identificador unico del objeto de dominio
B18: Corresponde a referencias de objetos de dominio
B19: Corresponde a los datos de tipo alfanumerico
B20: Corresponde a los datos de tipo hora
B21: Corresponde a los datos calculados por el sistema
B22: Corresponde a los datos de tipo logico
B23: Corresponde a la combinacion única

Sheet M-Regla
A1: <<<< Ir al modulo de dominio | B1: <<<< Ir a objetos de dominio
A2: Representa un identificador que hará unico cada objeto de dominio de este tipo, no se puede repetir | B2: Representa la cantidad de minutos que el cliente puede llegarle tarde un cliente a la cita establecida con el barbero, despues de eso el barbero lo podrá multar. Debe de ser mayor o igual a 0, su valor por defecto es el 0 y no es permitido | C2: Representa la cantidad de dinero que el cliente debe de pagar en pesos colombianos, por superar la toleranciaTardanza. Debe de ser mayor a cero, su valor por defecto es 0 y no es permitido | D2: Representa la maxima de multas que pueda tener un cliente sin pagar, a partir de esta cantidad se le hace un veto al cliente. Debe de ser mayor o igual a cero, su valor por defecto es 0 y es no es permitido | E2: Representa la cantidad de minutos que un barbero puede demorarse en atender a un cliente, en caso de que el barbero se demore mas de lo previsto en su cita anterior | F2: Representa la cantidad cuanto descuento va a tener un cliente en la cita con el barbero, como recompesa por esperar al barbero mas de la tolerancia permitida
A3: id | B3: toleranciaTardanzaCliente | C3: montoMultaTardanzaCliente | D3: numeroMultasMaxima | E3: toleranciaTardanzaBarbero | F3: porcentajeDescuentoCita
A4: 1 | B4: 10 | C4: 10000 | D4: 3 | E4: 15 | F4: 10
B9: Corresponde a la descripcion de los atributos
B10: Corresponde al identificador unico del objeto de dominio
B11: Corresponde a los datos de tipo entero

Sheet M-Servicio
A1: <<<< Ir al modulo de dominio | C1: <<<< Ir a objetos de dominio
A2: Representa un identificador que hará unico cada objeto de dominio de este tipo, no se puede repetir | B2: Representa que el dueño tomo la decisión de agregar un servicio para la barberia | C2: Representa el nombre del servicio que va estar en la barberia, que el barbero ofrece y en las citas que esta. Su valor por defecto es el vacio y no es permitido | D2: Representa como el dueño describe que va a hacer cada servicio, para que el barbero sepa que hace el servicio | E2: Representa cuanto va a valer el servicio en pesos colombianos. Debe de ser mayor a cero, su valor por defecto es 0 y no esta permitido | F2: Combinacion única que indica que no puede existir más de un servicio con el mismo nombre
A3: id | B3: dueño | C3: nombre | D3: descripcion | E3: precio | F3: Combinacion única
A4: 1 | B4: ='M-Dueño'!D4 -> Carlos | C4: Motilada | D4: Corte de cabello completo con máquina y tijera, incluye lavado y secado | E4: 22000 | F4: =C4 -> Motilada
A5: 2 | B5: ='M-Dueño'!D4 -> Carlos | C5: Corte de barba | D5: Recorte de la barba con máquina para dejarla pareja y a la medida que pide el cliente | E5: 12000 | F5: =C5 -> Corte de barba
A6: 3 | B6: ='M-Dueño'!D4 -> Carlos | C6: Perfilada de barba | D6: Delineado de los bordes de la barba y el bigote con navaja, sin recortar el largo | E6: 15000 | F6: =C6 -> Perfilada de barba
A7: 4 | B7: ='M-Dueño'!D4 -> Carlos | C7: Arreglo completo de barba con toalla caliente | D7: Recorte, perfilado con navaja, toalla caliente, exfoliación y aceite para la barba | E7: 35000 | F7: =C7 -> Arreglo completo de barba con toalla caliente
B13: Corresponde a la descripcion de los atributos
B14: Corresponde al identificador unico del objeto de dominio
B15: Corresponde a los datos de referencia de otros objetos de dominio
B16: Corresponde a los datos de tipo alfanumerico
B17: Corresponde a los datos de tipo entero
B18: Corresponde a la combinacion única

Sheet M-BarberoServicio
A1: <<<< Ir al modulo de dominio | B1: <<<< Ir a objetos de dominio
A2: Representa un identificador que hará unico cada objeto de dominio de este tipo, no se puede repetir | B2: Representa el nombre y apellidos del barbero | C2: Representa el nombre del servicio de la barberia | D2: Representa la cantidad de minutos que un barbero tarda en realizar un servicio, esta duracion el barbero debe de ser consiente de cuanto se demora en realizarlo | E2: Representa la cantidad de minutos que un barbero pone de tiempo extra en las citas de su agenda, cada barbero usa este tiempo porque hay ocaciones que la cita se puede demorar más de lo previsto. Este tiempo les ayuda a evitar que se les retrase la agenda | F2: Combinación única que indica que un mismo barbero no puede aparecer dos veces ofreciendo el mismo servicio
A3: id | B3: barbero | C3: servicio | D3: duracionServicio | E3: tiempoExtra | F3: Combinación única
A4: 1 | B4: =_xlfn.CONCAT('M-Barbero'!B4," ",'M-Barbero'!D4) -> Juan García | C4: ='M-Servicio'!C4 -> Motilada | D4: 45 | E4: 15 | F4: =_xlfn.CONCAT(B4,"-",C4) -> Juan García-Motilada
A5: 2 | B5: =_xlfn.CONCAT('M-Barbero'!B5," ",'M-Barbero'!D5) -> Juan Ortiz | C5: ='M-Servicio'!C5 -> Corte de barba | D5: 10 | E5: 5 | F5: =_xlfn.CONCAT(B5,"-",C5) -> Juan Ortiz-Corte de barba
A6: 3 | B6: =_xlfn.CONCAT('M-Barbero'!B6," ",'M-Barbero'!D6) -> Carlos Arbeladez | C6: ='M-Servicio'!C6 -> Perfilada de barba | D6: 15 | E6: 5 | F6: =_xlfn.CONCAT(B6,"-",C6) -> Carlos Arbeladez-Perfilada de barba
A7: 4 | B7: =_xlfn.CONCAT('M-Barbero'!B7," ",'M-Barbero'!D7) -> Andres Ramirez | C7: ='M-Servicio'!C7 -> Arreglo completo de barba con toalla caliente | D7: 40 | E7: 10 | F7: =_xlfn.CONCAT(B7,"-",C7) -> Andres Ramirez-Arreglo completo de barba con toalla caliente
A8: 5 | B8: =_xlfn.CONCAT('M-Barbero'!B5," ",'M-Barbero'!D5) -> Juan Ortiz | C8: ='M-Servicio'!C4 -> Motilada | D8: 40 | E8: 10 | F8: =_xlfn.CONCAT(B8,"-",C8) -> Juan Ortiz-Motilada
A9: 6 | B9: =_xlfn.CONCAT('M-Barbero'!B6," ",'M-Barbero'!D6) -> Carlos Arbeladez | C9: ='M-Servicio'!C5 -> Corte de barba | D9: 15 | E9: 5 | F9: =_xlfn.CONCAT(B9,"-",C9) -> Carlos Arbeladez-Corte de barba
A10: 7 | B10: =_xlfn.CONCAT('M-Barbero'!B4," ",'M-Barbero'!D4) -> Juan García | C10: ='M-Servicio'!C6 -> Perfilada de barba | D10: 20 | E10: 5 | F10: =_xlfn.CONCAT(B10,"-",C10) -> Juan García-Perfilada de barba
A11: 8 | B11: =_xlfn.CONCAT('M-Barbero'!B7," ",'M-Barbero'!D7) -> Andres Ramirez | C11: ='M-Servicio'!C4 -> Motilada | D11: 50 | E11: 15 | F11: =_xlfn.CONCAT(B11,"-",C11) -> Andres Ramirez-Motilada
A12: 9 | B12: =_xlfn.CONCAT('M-Barbero'!B8," ",'M-Barbero'!D8) -> Juan Zambrano | C12: ='M-Servicio'!C5 -> Corte de barba | D12: 12 | E12: 5 | F12: =_xlfn.CONCAT(B12,"-",C12) -> Juan Zambrano-Corte de barba
G13: Creo que ese mejor dejar este atributo en cita, que el barbero lo decida con el cliente
B18: Corresponde a la descripcion de los atributos
B19: Corresponde al identificador unico del objeto de dominio
B20: Corresponde a los datos de referencia de otros objetos de dominio
B21: Corresponde a los datos de tipo entero
B22: Corresponde a la combinacion única

Sheet M-Agenda
A1: <<<< Ir al modulo de dominio | B1: <<<< Ir a objetos de dominio
A2: Representa un identificador que hará unico cada objeto de dominio de este tipo, no se puede repetir | B2: Referencia a que barbero va a ser dueño de esta agenda, es el dato que conecta el calendario con la persona que lo usa para organizar su tiempo y sus citas | C2: Representa el día de la semana en que aplica este horario que para la agenda del barbero, es necesario porque un barbero puede trabajar unos días sí y otros no. Su valor por defecto es el vacío y no es permitido, el barbero solo podra seleccionar los días de la semana que la barberia tiene en su horario | D2: Representa la hora en la que el barbero empieza a estar disponible ese dia. Su valor por defecto es 00:00 y es permitido. La hora debe de estar dentro del horario barberia | E2: Representa la hora en la que el barbero deja de estar disponible ese día, junto con horaInicio, es lo que la aplicación usa para saber si hay campo para agendar una cita nueva. Su valor por defecto es 00:00 y no es permitido. Esta hora debe de ser mayor a horaInicio y también debe de estar dentro de horario barberia | I2: Combinación única que indica que un barbero no puede tener más de una agenda, cada barbero organiza todo su tiempo en un único lugar
A3: id | B3: barbero | C3: dia | D3: horaInicio | E3: horaFinal | F3: fechaCreacion | G3: fechaDesactivacion | H3: vigente | I3: Combinación única
A4: 1 | B4: =_xlfn.CONCAT('M-Barbero'!B4," ",'M-Barbero'!D4) -> Juan García | C4: Lunes | D4: 0.41666667 | E4: 0.66666667 | F4: 45780 | G4: 1/01/1000 | H4: si | I4: =_xlfn.CONCAT(B4,"-",C4,"-",TEXT(D4,"hh:mm"),"-",TEXT(E4,"hh:mm"),"-",TEXT(F4,"dd/mm/yyyy"),"-",TEXT(G4,"dd/mm/yyyy")) -> Juan García-Lunes-10:00-16:00-03/05/2025-01/01/1000
A5: 2 | B5: =_xlfn.CONCAT('M-Barbero'!B5," ",'M-Barbero'!D5) -> Juan Ortiz | C5: Martes | D5: 0.375 | E5: 0.625 | F5: 45718 | G5: 1/01/1000 | H5: si | I5: =_xlfn.CONCAT(B5,"-",C5,"-",TEXT(D5,"hh:mm"),"-",TEXT(E5,"hh:mm"),"-",TEXT(F5,"dd/mm/yyyy"),"-",TEXT(G5,"dd/mm/yyyy")) -> Juan Ortiz-Martes-09:00-15:00-02/03/2025-01/01/1000
A6: 3 | B6: =_xlfn.CONCAT('M-Barbero'!B6," ",'M-Barbero'!D6) -> Carlos Arbeladez | C6: Jueves | D6: 0.54166667 | E6: 0.79166667 | F6: 44917 | G6: 1/01/1000 | H6: si | I6: =_xlfn.CONCAT(B6,"-",C6,"-",TEXT(D6,"hh:mm"),"-",TEXT(E6,"hh:mm"),"-",TEXT(F6,"dd/mm/yyyy"),"-",TEXT(G6,"dd/mm/yyyy")) -> Carlos Arbeladez-Jueves-13:00-19:00-22/12/2022-01/01/1000
A7: 4 | B7: =_xlfn.CONCAT('M-Barbero'!B7," ",'M-Barbero'!D7) -> Andres Ramirez | C7: Sábado | D7: 0.33333333 | E7: 0.58333333 | F7: 45915 | G7: 46023 | H7: no | I7: =_xlfn.CONCAT(B7,"-",C7,"-",TEXT(D7,"hh:mm"),"-",TEXT(E7,"hh:mm"),"-",TEXT(F7,"dd/mm/yyyy"),"-",TEXT(G7,"dd/mm/yyyy")) -> Andres Ramirez-Sábado-08:00-14:00-15/09/2025-01/01/2026
A8: 5 | B8: =_xlfn.CONCAT('M-Barbero'!B7," ",'M-Barbero'!D7) -> Andres Ramirez | C8: Festivo | D8: 0.5 | E8: 0.625 | F8: 46054 | G8: 46083 | H8: no | I8: =_xlfn.CONCAT(B8,"-",C8,"-",TEXT(D8,"hh:mm"),"-",TEXT(E8,"hh:mm"),"-",TEXT(F8,"dd/mm/yyyy"),"-",TEXT(G8,"dd/mm/yyyy")) -> Andres Ramirez-Festivo-12:00-15:00-01/02/2026-02/03/2026
B14: Corresponde a la descripcion de los atributos
B15: Corresponde al identificador unico del objeto de dominio
B16: Corresponde a referencias de objetos de dominio
B17: Corresponde a los datos de tipo alfanumerico
B18: Corresponde a los datos de tipo hora
B19: Corresponde a la combinacion única

Sheet M-Descanso
A1: <<<< Ir al modulo de dominio | B1: <<<< Ir a objetos de dominio
A2: Representa un identificador que hará unico cada objeto de dominio de este tipo, no se puede repetir | B2: Hace referencia al dia y las horas que trabaja el barbero | C2: Representa la hora en que el barbero empieza su descanso de trabajo. Su valor por defecto es 00:00 y es permitido. La hora debe de estar dentro del horario del barbero, es decir que no se puede salir del horario | D2: Representa la hora en que el barbero termina su descanso de trabajo. Su valor por defecto es 00:00 no es permitido. La hora debe de ser mayor a la horaInicio y debe estar dentro del horario barbero | E2: Representa el nombre del descanso que el barbero considere para su horario de trabajo. Su valor por defecto es vacio y no es permitido | F2: Representa la cantidad de minutos dura el descanso de la agenda. Es un dato calculado a partir de la horaInicio y horaFinal, usando horaFinal - horaInicio | J2: Combinación única que indica que un mismo horario no puede tener dos mismas horas en la que empieze y termine
A3: id | B3: agenda | C3: horaInicio | D3: horaFinal | E3: nombre | F3: duracion | G3: fechaCreacion | H3: fechaDesactivacion | I3: vigente | J3: Combinación única
A4: 1 | B4: ='M-Agenda'!I4 -> Juan García-Lunes-10:00-16:00-03/05/2025-01/01/1000 | C4: 0.5 | D4: 0.58333333 | E4: Hora de almuerzo | F4: 120 | G4: 45780 | H4: 1/01/1000 | I4: si | J4: =_xlfn.CONCAT(B4,"-",TEXT(C4,"hh:mm"),"-",TEXT(D4,"hh:mm")) -> Juan García-Lunes-10:00-16:00-03/05/2025-01/01/1000-12:00-14:00
A5: 2 | B5: ='M-Agenda'!I7 -> Andres Ramirez-Sábado-08:00-14:00-15/09/2025-01/01/2026 | C5: 0.52083333 | D5: 0.54166667 | E5: Hora de descanso | F5: 30 | G5: 45915 | H5: 46023 | I5: no | J5: =_xlfn.CONCAT(B5,"-",TEXT(C5,"hh:mm"),"-",TEXT(D5,"hh:mm")) -> Andres Ramirez-Sábado-08:00-14:00-15/09/2025-01/01/2026-12:30-13:00
A6: 3 | B6: ='M-Agenda'!I6 -> Carlos Arbeladez-Jueves-13:00-19:00-22/12/2022-01/01/1000 | C6: 0.58333333 | D6: 0.60416667 | E6: Descansito | F6: 30 | G6: 44917 | H6: 1/01/1000 | I6: si | J6: =_xlfn.CONCAT(B6,"-",TEXT(C6,"hh:mm"),"-",TEXT(D6,"hh:mm")) -> Carlos Arbeladez-Jueves-13:00-19:00-22/12/2022-01/01/1000-14:00-14:30
A7: 4 | B7: ='M-Agenda'!I5 -> Juan Ortiz-Martes-09:00-15:00-02/03/2025-01/01/1000 | C7: 0.47916667 | D7: 0.54166667 | E7: Hora en la que almuezo | F7: 90 | G7: 45718 | H7: 1/01/1000 | I7: si | J7: =_xlfn.CONCAT(B7,"-",TEXT(C7,"hh:mm"),"-",TEXT(D7,"hh:mm")) -> Juan Ortiz-Martes-09:00-15:00-02/03/2025-01/01/1000-11:30-13:00
B13: Corresponde a la descripcion de los atributos
B14: Corresponde al identificador unico del objeto de dominio
B15: Corresponde a referencias de objetos de dominio
B16: Corresponde a los datos de tipo alfanumerico
B17: Corresponde a los datos de tipo hora
B18: Corresponde a los datos calculados por el sistema
B19: Corresponde a los datos de tipo logico
B20: Corresponde a la combinacion única

Sheet M-Bloqueo
A1: <<<< Ir al modulo de dominio | B1: <<<< Ir a objetos de dominio
A2: Representa un identificador que hará unico cada objeto de dominio de este tipo, no se puede repetir | B2: Hace referencia a la agenda (y por lo tanto al barbero) a la que pertenece este bloqueo, permite saber en cual agenda se va agregar el bloqueo | C2: Representa la fecha y la hora en el que va a empezar el bloqueo para la agenda del barbero. Su valor por defecto es 01/01/1000 00:00 y no es permitido. No se puden seleccionar fechas antes del momento de hoy, solo fechas futuras | D2: Representa la fecha y la hora en el que va a terminar el bloqueo para la agenda del barbero. Su valor por defecto es 01/01/1000 00:00 y no es permitido, la fecha debe de ser mayor a la fecha de inicio | E2: Representa como el barbero va a llamar este bloqueo para su agenda. Su valor por defecto es el vacio y no es permitido | F2: Representa la cantidad de minutos dura el bloqueo de la agenda. Es un dato calculado a partir de la fechaHoraInicio y fechaHoraFinal | G2: Combinación única que indica que una misma agenda no puede tener dos bloqueos en una misma fecha, horaInicio y horaFinal
A3: id | B3: agenda | C3: fechaHoraInicio | D3: fechaHoraFinal | E3: nombre | F3: duracion | G3: Combinación única
A4: 1 | B4: ='M-Agenda'!I4 -> Juan García-Lunes-10:00-16:00-03/05/2025-01/01/1000 | C4: 46272.417 | D4: 46272.5 | E4: Cita medica | F4: 120 | G4: =_xlfn.CONCAT(B4,"-",TEXT(C4,"dd/mm/yyyy hh:mm"),"-",TEXT(D4,"dd/mm/yyyy hh:mm")) -> Juan García-Lunes-10:00-16:00-03/05/2025-01/01/1000-07/09/2026 10:00-07/09/2026 12:00
A5: 2 | B5: ='M-Agenda'!I5 -> Juan Ortiz-Martes-09:00-15:00-02/03/2025-01/01/1000 | C5: 46273.396 | D5: 46273.458 | E5: Vueltas que voy a hacer | F5: 90 | G5: =_xlfn.CONCAT(B5,"-",TEXT(C5,"dd/mm/yyyy hh:mm"),"-",TEXT(D5,"dd/mm/yyyy hh:mm")) -> Juan Ortiz-Martes-09:00-15:00-02/03/2025-01/01/1000-08/09/2026 09:30-08/09/2026 11:00
A6: 3 | B6: ='M-Agenda'!I6 -> Carlos Arbeladez-Jueves-13:00-19:00-22/12/2022-01/01/1000 | C6: 46275.542 | D6: 46275.583 | E6: Incoveniente | F6: 60 | G6: =_xlfn.CONCAT(B6,"-",TEXT(C6,"dd/mm/yyyy hh:mm"),"-",TEXT(D6,"dd/mm/yyyy hh:mm")) -> Carlos Arbeladez-Jueves-13:00-19:00-22/12/2022-01/01/1000-10/09/2026 13:00-10/09/2026 14:00
A7: 4 | B7: ='M-Agenda'!I5 -> Juan Ortiz-Martes-09:00-15:00-02/03/2025-01/01/1000 | C7: 46301.542 | D7: 46301.625 | E7: Compromiso | F7: 120 | G7: =_xlfn.CONCAT(B7,"-",TEXT(C7,"dd/mm/yyyy hh:mm"),"-",TEXT(D7,"dd/mm/yyyy hh:mm")) -> Juan Ortiz-Martes-09:00-15:00-02/03/2025-01/01/1000-06/10/2026 13:00-06/10/2026 15:00
B13: Corresponde a la descripcion de los atributos
B14: Corresponde al identificador unico del objeto de dominio
B15: Corresponde a referencias de objetos de dominio
B16: Corresponde a los datos de tipo alfanumerico
B17: Corresponde a los datos de tipo fecha y hora
B18: Corresponde a los datos calculados por el sistema
B19: Corresponde a la combinacion única

Sheet M-Cita
A1: <<<< Ir al modulo de dominio | B1: <<<< Ir a objetos de dominio
A2: Representa un identificador que hará unico cada objeto de dominio de este tipo, no se puede repetir | B2: Representa el nombre completo del cliente que va a estar en la cita, para que luego el barbero se acuerde a quien tiene que atender | C2: Hace referencia a en la agenda de que barbero quedó registrada esta cita, es lo que permite validar que no se cruce con otra cita del mismo barbero | D2: Representa la fecha y la hora en el que se va a realizar la cita al cliente. Su valor por defecto es 01/01/1000 00:00 y no es permitido | E2: Representa la fecha y hora prevista a la que finaliza una cita, es un dato calculado a partir de la fecha y hora en que empieza la cita y la duración del servicio, sumándole la duración del servicio a fechaHora | F2: Representa en que momento del proceso está la cita: agendada (se creó y espera a que el cliente llegue), atendida (la cita se cumplió sin ningún inconveniente), retraso (el cliente llegó, pero pasada la tolerancia de tiempo) ,incumplida (el cliente nunca llegó) o cancelada (el cliente avisó con anticipación que ya no la quiere). Su valor por defecto es agendada y es permitido | G2: Combinación única que indica que una cita no puede existir dentro de una agenda con la misma fecha y hora de inicio para la cita
A3: id | B3: cliente | C3: agenda | D3: fechaHora | E3: fechaHoraFin | F3: estado | G3: Combinación única
A4: 1 | B4: =_xlfn.CONCAT('M-Cliente'!B4," ",'M-Cliente'!C4," ", 'M-Cliente'!D4," ",'M-Cliente'!E4) -> Juan Gómez | C4: ='M-Agenda'!I4 -> Juan García-Lunes-10:00-16:00-03/05/2025-01/01/1000 | D4: 46265.417 | E4: 46265.448 | F4: agendada | G4: =_xlfn.CONCAT(C4,"-",TEXT(D4,"dd/mm/yyyy/hh:mm")) -> Juan García-Lunes-10:00-16:00-03/05/2025-01/01/1000-31/08/2026/10:00
A5: 2 | B5: =_xlfn.CONCAT('M-Cliente'!B5," ",'M-Cliente'!C5," ", 'M-Cliente'!D5," ",'M-Cliente'!E5) -> Jose Miguel Ramirez Perez | C5: ='M-Agenda'!I5 -> Juan Ortiz-Martes-09:00-15:00-02/03/2025-01/01/1000 | D5: 46091.396 | E5: 46091.431 | F5: atendida | G5: =_xlfn.CONCAT(C5,"-",TEXT(D5,"dd/mm/yyyy/hh:mm")) -> Juan Ortiz-Martes-09:00-15:00-02/03/2025-01/01/1000-10/03/2026/09:30
A6: 3 | B6: =_xlfn.CONCAT('M-Cliente'!B6," ",'M-Cliente'!C6," ", 'M-Cliente'!D6," ",'M-Cliente'!E6) -> Simon Ochoa Ramirez | C6: ='M-Agenda'!I6 -> Carlos Arbeladez-Jueves-13:00-19:00-22/12/2022-01/01/1000 | D6: 46156.542 | E6: 46156.552 | F6: retraso | G6: =_xlfn.CONCAT(C6,"-",TEXT(D6,"dd/mm/yyyy/hh:mm")) -> Carlos Arbeladez-Jueves-13:00-19:00-22/12/2022-01/01/1000-14/05/2026/13:00
A7: 4 | B7: =_xlfn.CONCAT('M-Cliente'!B7," ",'M-Cliente'!C7," ", 'M-Cliente'!D7," ",'M-Cliente'!E7) -> Alexis Gallego | C7: ='M-Agenda'!I7 -> Andres Ramirez-Sábado-08:00-14:00-15/09/2025-01/01/2026 | D7: 45983.542 | E7: 45983.569 | F7: incumplida | G7: =_xlfn.CONCAT(C7,"-",TEXT(D7,"dd/mm/yyyy/hh:mm")) -> Andres Ramirez-Sábado-08:00-14:00-15/09/2025-01/01/2026-22/11/2025/13:00
A8: 5 | B8: =_xlfn.CONCAT('M-Cliente'!B7," ",'M-Cliente'!C7," ", 'M-Cliente'!D7," ",'M-Cliente'!E7) -> Alexis Gallego | C8: ='M-Agenda'!I6 -> Carlos Arbeladez-Jueves-13:00-19:00-22/12/2022-01/01/1000 | D8: 46240.75 | E8: 46240.76 | F8: cancelada | G8: =_xlfn.CONCAT(C8,"-",TEXT(D8,"dd/mm/yyyy/hh:mm")) -> Carlos Arbeladez-Jueves-13:00-19:00-22/12/2022-01/01/1000-06/08/2026/18:00
A9: 6 | B9: =_xlfn.CONCAT('M-Cliente'!B4," ",'M-Cliente'!C4," ", 'M-Cliente'!D4," ",'M-Cliente'!E4) -> Juan Gómez | C9: ='M-Agenda'!I5 -> Juan Ortiz-Martes-09:00-15:00-02/03/2025-01/01/1000 | D9: 46266.583 | E9: 46266.59 | F9: agendada | G9: =_xlfn.CONCAT(C9,"-",TEXT(D9,"dd/mm/yyyy/hh:mm")) -> Juan Ortiz-Martes-09:00-15:00-02/03/2025-01/01/1000-01/09/2026/14:00
A10: 7 | B10: =_xlfn.CONCAT('M-Cliente'!B8," ",'M-Cliente'!C8," ", 'M-Cliente'!D8," ",'M-Cliente'!E8) -> Kevin Andrés Muñoz Salazar | C10: ='M-Agenda'!I4 -> Juan García-Lunes-10:00-16:00-03/05/2025-01/01/1000 | D10: 46174.417 | E10: 46174.448 | F10: incumplida | G10: =_xlfn.CONCAT(C10,"-",TEXT(D10,"dd/mm/yyyy/hh:mm")) -> Juan García-Lunes-10:00-16:00-03/05/2025-01/01/1000-01/06/2026/10:00
A11: 8 | B11: =_xlfn.CONCAT('M-Cliente'!B8," ",'M-Cliente'!C8," ", 'M-Cliente'!D8," ",'M-Cliente'!E8) -> Kevin Andrés Muñoz Salazar | C11: ='M-Agenda'!I5 -> Juan Ortiz-Martes-09:00-15:00-02/03/2025-01/01/1000 | D11: 46189.375 | E11: 46189.382 | F11: incumplida | G11: =_xlfn.CONCAT(C11,"-",TEXT(D11,"dd/mm/yyyy/hh:mm")) -> Juan Ortiz-Martes-09:00-15:00-02/03/2025-01/01/1000-16/06/2026/09:00
A12: 9 | B12: =_xlfn.CONCAT('M-Cliente'!B8," ",'M-Cliente'!C8," ", 'M-Cliente'!D8," ",'M-Cliente'!E8) -> Kevin Andrés Muñoz Salazar | C12: ='M-Agenda'!I6 -> Carlos Arbeladez-Jueves-13:00-19:00-22/12/2022-01/01/1000 | D12: 46205.625 | E12: 46205.635 | F12: incumplida | G12: =_xlfn.CONCAT(C12,"-",TEXT(D12,"dd/mm/yyyy/hh:mm")) -> Carlos Arbeladez-Jueves-13:00-19:00-22/12/2022-01/01/1000-02/07/2026/15:00
B19: Corresponde a la descripcion de los atributos
B20: Corresponde al identificador unico del objeto de dominio
B21: Corresponde a referencias de objetos de dominio
B22: Corresponde a los datos de tipo texto
B23: Corresponde a los datos de tipo fecha y hora
B24: Corresponde a los datos calculados por el sistema
B25: Corresponde a la combinacion única

Sheet M-CitaServicio
A1: <<<< Ir al modulo de dominio | B1: <<<< Ir a objetos de dominio
A2: Representa un identificador que hará unico cada objeto de dominio de este tipo, no se puede repetir | B2: Hace referencia a la cita puntual en la que se pidió este servicio | C2: Hace referencia a cual servicio del catalogo fue el que se pidió en esa cita | D2: Representa cuanto valía el servicio en el momento exacto en que se agendó la cita, se guarda aparte del precio del catalogo por si el precio de ese servicio cambia después (por si el dueño cambio de precio), las citas ya registradas no se vean afectadas | E2: Combinación única que indica que un mismo servicio no puede repetirse dos veces dentro de la misma cita
A3: id | B3: cita | C3: servicio | D3: precioAlMomento | E3: Combinación única
A4: 1 | B4: ='M-Cita'!G4 -> Juan García-Lunes-10:00-16:00-03/05/2025-01/01/1000-31/08/2026/10:00 | C4: ='M-Servicio'!F4 -> Motilada | D4: 22000 | E4: =_xlfn.CONCAT(B4,"-",C4) -> Juan García-Lunes-10:00-16:00-03/05/2025-01/01/1000-31/08/2026/10:00-Motilada
A5: 2 | B5: ='M-Cita'!G5 -> Juan Ortiz-Martes-09:00-15:00-02/03/2025-01/01/1000-10/03/2026/09:30 | C5: ='M-Servicio'!F5 -> Corte de barba | D5: 12000 | E5: =_xlfn.CONCAT(B5,"-",C5) -> Juan Ortiz-Martes-09:00-15:00-02/03/2025-01/01/1000-10/03/2026/09:30-Corte de barba
A6: 3 | B6: ='M-Cita'!G5 -> Juan Ortiz-Martes-09:00-15:00-02/03/2025-01/01/1000-10/03/2026/09:30 | C6: ='M-Servicio'!F4 -> Motilada | D6: 22000 | E6: =_xlfn.CONCAT(B6,"-",C6) -> Juan Ortiz-Martes-09:00-15:00-02/03/2025-01/01/1000-10/03/2026/09:30-Motilada
A7: 4 | B7: ='M-Cita'!G6 -> Carlos Arbeladez-Jueves-13:00-19:00-22/12/2022-01/01/1000-14/05/2026/13:00 | C7: ='M-Servicio'!F6 -> Perfilada de barba | D7: 15000 | E7: =_xlfn.CONCAT(B7,"-",C7) -> Carlos Arbeladez-Jueves-13:00-19:00-22/12/2022-01/01/1000-14/05/2026/13:00-Perfilada de barba
A8: 5 | B8: ='M-Cita'!G7 -> Andres Ramirez-Sábado-08:00-14:00-15/09/2025-01/01/2026-22/11/2025/13:00 | C8: ='M-Servicio'!F7 -> Arreglo completo de barba con toalla caliente | D8: 35000 | E8: =_xlfn.CONCAT(B8,"-",C8) -> Andres Ramirez-Sábado-08:00-14:00-15/09/2025-01/01/2026-22/11/2025/13:00-Arreglo completo de barba con toalla caliente
A9: 6 | B9: ='M-Cita'!G8 -> Carlos Arbeladez-Jueves-13:00-19:00-22/12/2022-01/01/1000-06/08/2026/18:00 | C9: ='M-Servicio'!F5 -> Corte de barba | D9: 12000 | E9: =_xlfn.CONCAT(B9,"-",C9) -> Carlos Arbeladez-Jueves-13:00-19:00-22/12/2022-01/01/1000-06/08/2026/18:00-Corte de barba
A10: 7 | B10: ='M-Cita'!G9 -> Juan Ortiz-Martes-09:00-15:00-02/03/2025-01/01/1000-01/09/2026/14:00 | C10: ='M-Servicio'!F5 -> Corte de barba | D10: 12000 | E10: =_xlfn.CONCAT(B10,"-",C10) -> Juan Ortiz-Martes-09:00-15:00-02/03/2025-01/01/1000-01/09/2026/14:00-Corte de barba
A11: 8 | B11: ='M-Cita'!G10 -> Juan García-Lunes-10:00-16:00-03/05/2025-01/01/1000-01/06/2026/10:00 | C11: ='M-Servicio'!F4 -> Motilada | D11: 22000 | E11: =_xlfn.CONCAT(B11,"-",C11) -> Juan García-Lunes-10:00-16:00-03/05/2025-01/01/1000-01/06/2026/10:00-Motilada
A12: 9 | B12: ='M-Cita'!G11 -> Juan Ortiz-Martes-09:00-15:00-02/03/2025-01/01/1000-16/06/2026/09:00 | C12: ='M-Servicio'!F5 -> Corte de barba | D12: 12000 | E12: =_xlfn.CONCAT(B12,"-",C12) -> Juan Ortiz-Martes-09:00-15:00-02/03/2025-01/01/1000-16/06/2026/09:00-Corte de barba
A13: 10 | B13: ='M-Cita'!G12 -> Carlos Arbeladez-Jueves-13:00-19:00-22/12/2022-01/01/1000-02/07/2026/15:00 | C13: ='M-Servicio'!F6 -> Perfilada de barba | D13: 15000 | E13: =_xlfn.CONCAT(B13,"-",C13) -> Carlos Arbeladez-Jueves-13:00-19:00-22/12/2022-01/01/1000-02/07/2026/15:00-Perfilada de barba
B17: Corresponde a la descripcion de los atributos
B18: Corresponde al identificador unico del objeto de dominio
B19: Corresponde a los datos de referencia de otros objetos de dominio
B20: Corresponde a los datos calculados por el sistema
B21: Corresponde a la combinacion única

Sheet M-Multa
A1: <<<< Ir al modulo de dominio | B1: <<<< Ir a objetos de dominio
A2: Representa un identificador que hará unico cada objeto de dominio de este tipo, no se puede repetir | B2: Hace referencia a que cliente se le esta cobrando la multa, es el dato que se usa para sumar cuántas multas sin pagar tiene una persona y decidir si debe ser vetada, dependiendo de como se definio en regla | C2: Hace referencia a la cita puntual que el cliente incumplió (llegando tarde fuera de la tolerancia o no presentándose), de esa cita es de donde sale el valor de monto si fue el caso de no presentase | D2: Representa cuanto dinero en pesos colombianos debe pagar el cliente la multa. Es un dato calculado si es por retraso el monto es el que dice en regla y si es por incumplida el monto es del o los servicios que pidió | E2: Representa el tipo de multa con el que se va sancionar, si es retraso o incumplida. Este es un dato obtenido del estado de cita | F2: Representa si el cliente ya pagó o no esta multa, es el dato que se revisa para decidir si un cliente llega al número de multas sin pagar que activa el veto | G2: Combinación única que indica que una misma cita no puede generar más de una multa
A3: id | B3: cliente | C3: cita | D3: monto | E3: tipo | F3: pagada | G3: Combinación única
A4: 1 | B4: ='M-Cliente'!J6 -> Simon--Ochoa-Ramirez-+57-3119884321 | C4: ='M-Cita'!G6 -> Carlos Arbeladez-Jueves-13:00-19:00-22/12/2022-01/01/1000-14/05/2026/13:00 | D4: ='M-Regla'!C4 -> 10000 | E4: retraso | F4: si | G4: =C4 -> Carlos Arbeladez-Jueves-13:00-19:00-22/12/2022-01/01/1000-14/05/2026/13:00
A5: 2 | B5: ='M-Cliente'!J7 -> Alexis--Gallego--+58-4127359182 | C5: ='M-Cita'!G7 -> Andres Ramirez-Sábado-08:00-14:00-15/09/2025-01/01/2026-22/11/2025/13:00 | D5: ='M-CitaServicio'!D8 -> 35000 | E5: incumplida | F5: no | G5: =C5 -> Andres Ramirez-Sábado-08:00-14:00-15/09/2025-01/01/2026-22/11/2025/13:00
A6: 3 | B6: ='M-Cliente'!J8 -> Kevin-Andrés-Muñoz-Salazar-+57-3005544332 | C6: ='M-Cita'!G10 -> Juan García-Lunes-10:00-16:00-03/05/2025-01/01/1000-01/06/2026/10:00 | D6: ='M-CitaServicio'!D11 -> 22000 | E6: incumplida | F6: no | G6: =C6 -> Juan García-Lunes-10:00-16:00-03/05/2025-01/01/1000-01/06/2026/10:00
A7: 4 | B7: ='M-Cliente'!J8 -> Kevin-Andrés-Muñoz-Salazar-+57-3005544332 | C7: ='M-Cita'!G11 -> Juan Ortiz-Martes-09:00-15:00-02/03/2025-01/01/1000-16/06/2026/09:00 | D7: ='M-CitaServicio'!D12 -> 12000 | E7: incumplida | F7: no | G7: =C7 -> Juan Ortiz-Martes-09:00-15:00-02/03/2025-01/01/1000-16/06/2026/09:00
A8: 5 | B8: ='M-Cliente'!J8 -> Kevin-Andrés-Muñoz-Salazar-+57-3005544332 | C8: ='M-Cita'!G12 -> Carlos Arbeladez-Jueves-13:00-19:00-22/12/2022-01/01/1000-02/07/2026/15:00 | D8: ='M-CitaServicio'!D13 -> 15000 | E8: incumplida | F8: no | G8: =C8 -> Carlos Arbeladez-Jueves-13:00-19:00-22/12/2022-01/01/1000-02/07/2026/15:00
B12: Corresponde a la descripcion de los atributos
B13: Corresponde al identificador unico del objeto de dominio
B14: Corresponde a los datos de referencia de otros objetos de dominio
B15: Corresponde a los datos calculados por el sistema
B16: Corresponde a los datos de tipo logico
B17: Corresponde a la combinacion única
