Workbook

Sheet Modelo de Dominio
A1: Ir a objetos de dominio >>>>

Sheet Objetos de Dominio
A1: <<<< Ir al modulo de dominio
A2: Nombre | B2: Descripcion | C2: Linea de vida | D2: Datos
A3: DiaSemana | C3: 1
A4: Estado | C4: 1
A5: Servicio | C5: 1
A6: PrefijoCelular | C6: 1
A7: Barbero | C7: 2
A8: Cliente | C8: 2
A9: HorarioBarberia | C9: 2
A10: BarberoServicio | C10: 3
A11: HorarioBarbero | C11: 3
A12: Agenda | C12: 4
A13: Cita | C13: 5
A14: Multa | C14: 5

Sheet M-DiaSemana
A1: <<<< Ir al modulo de dominio | B1: <<<< Ir a objetos de dominio
A2: Representa un identificador que hará unico cada objeto de dominio de este tipo, no se puede repetir | B2: Representa como se llama el dia de la semana, para los horarios | C2: Combinacion única que indica que no puede existir más un dia de la semana con el mismo nombre
A3: id | B3: nombre | C3: Combinación única
A4: 1 | B4: Lunes | C4: =B4 -> Lunes
A5: 2 | B5: Martes | C5: =B5 -> Martes
A6: 3 | B6: Miércoles | C6: =B6 -> Miércoles
A7: 4 | B7: Jueves | C7: =B7 -> Jueves
A8: 5 | B8: Viernes | C8: =B8 -> Viernes
A9: 6 | B9: Sábado | C9: =B9 -> Sábado
A10: 7 | B10: Domingo | C10: =B10 -> Domingo
A11: 8 | B11: Festivo | C11: =B11 -> Festivo
B17: Corresponde a la descripcion de los atributos
B18: Corresponde al identificador unico del objeto de dominio
B19: Corresponde a los datos de tipo alfanumerico
B20: Corresponde a la combinacion única

Sheet M-Estado
A1: <<<< Ir al modulo de dominio | B1: <<<< Ir a objetos de dominio
A2: Representa un identificador que hará unico cada objeto de dominio de este tipo, no se puede repetir | B2: Representa como se llama el estado de la agenda con la cita del cliente | C2: Representa el significado de que representa cada estado para la agenda | D2: Combinacion única que indica que no puede existir más un dia de la semana con el mismo nombre
A3: id | B3: nombre | C3: descripcion | D3: Combinación única
A4: 1 | B4: Agendada | D4: =B4 -> Agendada
A5: 2 | B5: Finalizada | D5: =B5 -> Finalizada
A6: 3 | B6: Cancelada por el cliente | D6: =B6 -> Cancelada por el cliente
A7: 4 | B7: Cancelada por el barbero | D7: =B7 -> Cancelada por el barbero
A8: 5 | B8: El cliente se demoro | D8: =B8 -> El cliente se demoro
A9: 6 | B9: El barbero se demoro | D9: =B9 -> El barbero se demoro
B15: Corresponde a la descripcion de los atributos
B16: Corresponde al identificador unico del objeto de dominio
B17: Corresponde a los datos de tipo alfanumerico
B18: Corresponde a la combinacion única

Sheet M-Servicio
A1: <<<< Ir al modulo de dominio | B1: <<<< Ir a objetos de dominio
A2: Representa un identificador que hará unico cada objeto de dominio de este tipo, no se puede repetir | B2: Representa el nombre del servicio que va estar en la barberia, para que el barbero elija los servicios que el sabe hacer | C2: Representa una descripcion de que va a hacer cada servicio, para que el barbero sepa que hace el servicio | D2: Representa cuanto va a valer el servicio en pesos colombianos. Debe de ser mayor a cero, su valor por defecto es 0 y no esta permitido | E2: Representa si el servicio sigue o no disponible en la barberia | F2: Combinacion única que indica que no puede existir más de un servicio con el mismo nombre
A3: id | B3: nombre | C3: descripcion | D3: precio | E3: disponible | F3: Combinacion única
A4: 1 | B4: Motilada | C4: Corte de cabello completo con máquina y tijera, incluye lavado y secado | D4: 22000 | E4: si | F4: =B4 -> Motilada
A5: 2 | B5: Corte de barba | C5: Recorte de la barba con máquina para dejarla pareja y a la medida que pide el cliente | D5: 12000 | E5: si | F5: =B5 -> Corte de barba
A6: 3 | B6: Perfilada de barba | C6: Delineado de los bordes de la barba y el bigote con navaja, sin recortar el largo | D6: 15000 | E6: si | F6: =B6 -> Perfilada de barba
A7: 4 | B7: Arreglo completo de barba con toalla caliente | C7: Recorte, perfilado con navaja, toalla caliente, exfoliación y aceite para la barba | D7: 35000 | E7: si | F7: =B7 -> Arreglo completo de barba con toalla caliente
B13: Corresponde a la descripcion de los atributos
B14: Corresponde al identificador unico del objeto de dominio
B15: Corresponde a los datos de referencia de otros objetos de dominio
B16: Corresponde a los datos de tipo alfanumerico
B17: Corresponde a los datos de tipo entero
B18: Corresponde a los datos de tipo logico
B19: Corresponde a la combinacion única

Sheet M-PrefijoCelular
A1: <<<< Ir al modulo de dominio | B1: <<<< Ir a objetos de dominio
A2: Representa un identificador que hará unico cada objeto de dominio de este tipo, no se puede repetir | B2: Representa el primer nombre del barbero que trabaja en barbería | C2: Combinacion única que indica que no puede existir más un mismo prefijo
A3: id | B3: prefijo | C3: Combinación única
A4: 1 | B4: +57 | C4: =B4 -> +57
A5: 2 | B5: +91 | C5: =B5 -> +91
A6: 3 | B6: +593 | C6: =B6 -> +593
A7: 4 | B7: +58 | C7: =B7 -> +58
B13: Corresponde a la descripcion de los atributos
B14: Corresponde al identificador unico del objeto de dominio
B15: Corresponde a los datos de tipo alfanumerico
B16: Corresponde a la combinacion única

Sheet M-Barbero
A1: <<<< Ir al modulo de dominio | B1: <<<< Ir a objetos de dominio
A2: Representa un identificador que hará unico cada objeto de dominio de este tipo, no se puede repetir | B2: Representa el primer nombre del barbero que trabaja en barbería | C2: Representa el segundo nombre del barbero que trabaja en barbería | D2: Representa el primer apellido del barbero que trabaja en la barbería | E2: Representa el segundo apellido del barbero que trabaja en la barbería | F2: Representa cual es el prefijo del numero de celular del barbero | G2: Representa el número de celular del barbero | H2: Representa el correo electronico del barbero, con el que se va a registrar o iniciar seción | I2: Representa la contraseña encriptada del barbero | J2: Representa si el barbero sigue o no trabajando. Es un dato calculado, si el barbero tiene en su agenda un horario de trabajo si es vigente y si no tiene horario de trabajo dice no es vigente | K2: Combinacion única que indica que no puede existir más de un barbero con el mismo prefijo de celular y número de celular | L2: Combinacion única que indica que no puede existir más de un barbero con el correro electronico
A3: id | B3: primerNombre | C3: segundoNombre | D3: primerApellido | E3: segundoApellido | F3: prefijo | G3: celular | H3: correo | I3: contraseña | J3: vigente | K3: Combinación única 1 | L3: Combinación única 2
A4: 1 | B4: Juan | C4: Fernando | D4: García | E4: Lopez | F4: ='M-PrefijoCelular'!C4 -> +57 | G4: 3245627890 | H4: juanfer234535@gmail.com | I4: $2b$12$Ce2ZsSJaOpx4iq5W.LNrCuvonh1fxNgpYYqBddeR50IjtYsh9n97C | J4: si | K4: =_xlfn.CONCAT(F4,"-",G4) -> +57-3245627890 | L4: =H4 -> juanfer234535@gmail.com
A5: 2 | B5: Juan | C5: David | D5: Ortiz | E5: Sanchez | F5: ='M-PrefijoCelular'!C4 -> +57 | G5: 3124518923 | H5: juandaviddd2525@gmail.com | I5: $2b$12$4dn1n10vtv3SpDX5ryR2FOluaaros/pqDXz8liKcEp/7JG7TBvqAK | J5: si | K5: =_xlfn.CONCAT(F5,"-",G5) -> +57-3124518923 | L5: =H5 -> juandaviddd2525@gmail.com
A6: 3 | B6: Carlos | D6: Arbeladez | F6: ='M-PrefijoCelular'!C4 -> +57 | G6: 3214533321 | H6: carlosbeladez@gmail.com | I6: $2b$12$htWWNCh.2QPjVycBmNb5ROHBO21L9p7hlWyFtctUtP4SbV3yBNqei | J6: si | K6: =_xlfn.CONCAT(F6,"-",G6) -> +57-3214533321 | L6: =H6 -> carlosbeladez@gmail.com
A7: 4 | B7: Andres | D7: Ramirez | E7: Patiño | F7: ='M-PrefijoCelular'!C5 -> +91 | G7: 9876543210 | H7: andresramirezpatino123@gmail.com | I7: $2b$12$IzNJVnlQl1UX5Py84yi5jOE1yuEdUrA.0Okt.BidVKs8biBdotH7W | J7: no | K7: =_xlfn.CONCAT(F7,"-",G7) -> +91-9876543210 | L7: =H7 -> andresramirezpatino123@gmail.com
A8: 5 | B8: Juan | C8: Carlos | D8: Zambrano | E8: Perez | F8: ='M-PrefijoCelular'!C6 -> +593 | G8: 998765432 | H8: juancarloszambrano4394@gmail.com | I8: $2b$12$mlxS0WUooP1stXSQdVR8EeBoYrgBrP5czZRqSvIgvelxUIGcwFgh. | J8: no | K8: =_xlfn.CONCAT(F8,"-",G8) -> +593-998765432 | L8: =H8 -> juancarloszambrano4394@gmail.com
B14: Corresponde a la descripcion de los atributos
B15: Corresponde al identificador unico del objeto de dominio
B16: Corresponde a los datos de tipo alfanumerico
B17: Corresponde a referencias de objetos de dominio
B18: Corresponde a los datos calculados por el sistema
B19: Corresponde a la combinacion única

Sheet M-Cliente
A1: <<<< Ir al modulo de dominio | B1: <<<< Ir a objetos de dominio
A2: Representa un identificador que hará unico cada objeto de dominio de este tipo, no se puede repetir | B2: Representa el primer nombre de la persona, que va a estar llendo a la barberia para las citas | C2: Representa el segundo nombre de la persona, que va a estar llendo a la barberia para las citas | D2: Representa el primer apellido de la persona, que va a estar llendo a la barberia para las citas | E2: Representa el segundo apellido de la persona, que va a estar llendo a la barberia para las citas | F2: Representa cual es el prefijo del numero de celular del cliente | G2: Representa el numero de celular de la persona que le va a escribir al barbero por WhatsApp para pedirle una cita | H2: Representa la cantidad de multas que tiene sin pagar en las citas que ha tenido, ya sea multa por tardanza o por no llegar | I2: Representa si el cliente esta en estado de veto o no, cuando el cliente esta vetado el sistema no va a permitir agendar citas con este cliente con ningun barbero | J2: Combinacion única que indica que no puede existir más de un cliente con el mismo prefijo de celular y número de celular
A3: id | B3: primerNombre | C3: segundoNombre | D3: primerApellido | E3: segundoApellido | F3: prefijoCelular | G3: celular | H3: multasSinPagar | I3: estaVetado | J3: Combinación única
A4: 1 | B4: Juan | D4: Gómez | F4: ='M-PrefijoCelular'!C4 -> +57 | G4: 3234528921 | H4: 0 | I4: no | J4: =_xlfn.CONCAT(F4,"-",G4) -> +57-3234528921
A5: 2 | B5: Jose | C5: Miguel | D5: Ramirez | E5: Perez | F5: ='M-PrefijoCelular'!C4 -> +57 | G5: 3161657782 | H5: 0 | I5: no | J5: =_xlfn.CONCAT(F5,"-",G5) -> +57-3161657782
A6: 3 | B6: Simon | D6: Ochoa | E6: Ramirez | F6: ='M-PrefijoCelular'!C4 -> +57 | G6: 3119884321 | H6: 0 | I6: no | J6: =_xlfn.CONCAT(F6,"-",G6) -> +57-3119884321
A7: 4 | B7: Alexis | D7: Gallego | F7: ='M-PrefijoCelular'!C7 -> +58 | G7: 4127359182 | H7: 1 | I7: no | J7: =_xlfn.CONCAT(F7,"-",G7) -> +58-4127359182
A8: 5 | B8: Kevin | C8: Andrés | D8: Muñoz | E8: Salazar | F8: ='M-PrefijoCelular'!C4 -> +57 | G8: 3005544332 | H8: 3 | I8: si | J8: =_xlfn.CONCAT(F8,"-",G8) -> +57-3005544332
B14: Corresponde a la descripcion de los atributos
B15: Corresponde al identificador unico del objeto de dominio
B16: Corresponde a los datos de tipo alfanumerico
B17: Corresponde a referencias de objetos de dominio
B18: Corresponde a los datos calculados por el sistema
B19: Corresponde a la combinacion única

Sheet M-HorarioBarberia
A1: <<<< Ir al modulo de dominio | B1: <<<< Ir a objetos de dominio
A2: Representa un identificador que hará unico cada objeto de dominio de este tipo, no se puede repetir | B2: Representa el día de la semana en el que la barberia abre | C2: Representa la hora a la que abre la barbería | D2: Representa la hora a la que cierra la barbería | E2: Combinacion única que indica que no puede existir más de un horario con la misma barberia, dia de la semana, hora de apertura y cierre
A3: id | B3: diaDeLaSemana | C3: horaApertura | D3: horaCierre | E3: Combinación única
A4: 1 | B4: ='M-DiaSemana'!C4 -> Lunes | C4: 0.375 | D4: 0.79166667 | E4: =_xlfn.CONCAT(B4,"-",TEXT(C4,"hh:mm"),"-",TEXT(D4,"hh:mm")) -> Lunes-09:00-19:00
A5: 2 | B5: ='M-DiaSemana'!C5 -> Martes | C5: 0.375 | D5: 0.79166667 | E5: =_xlfn.CONCAT(B5,"-",TEXT(C5,"hh:mm"),"-",TEXT(D5,"hh:mm")) -> Martes-09:00-19:00
A6: 3 | B6: ='M-DiaSemana'!C6 -> Miércoles | C6: 0.375 | D6: 0.79166667 | E6: =_xlfn.CONCAT(B6,"-",TEXT(C6,"hh:mm"),"-",TEXT(D6,"hh:mm")) -> Miércoles-09:00-19:00
A7: 4 | B7: ='M-DiaSemana'!C7 -> Jueves | C7: 0.375 | D7: 0.79166667 | E7: =_xlfn.CONCAT(B7,"-",TEXT(C7,"hh:mm"),"-",TEXT(D7,"hh:mm")) -> Jueves-09:00-19:00
A8: 5 | B8: ='M-DiaSemana'!C8 -> Viernes | C8: 0.375 | D8: 0.79166667 | E8: =_xlfn.CONCAT(B8,"-",TEXT(C8,"hh:mm"),"-",TEXT(D8,"hh:mm")) -> Viernes-09:00-19:00
A9: 6 | B9: ='M-DiaSemana'!C9 -> Sábado | C9: 0.33333333 | D9: 0.875 | E9: =_xlfn.CONCAT(B9,"-",TEXT(C9,"hh:mm"),"-",TEXT(D9,"hh:mm")) -> Sábado-08:00-21:00
A10: 7 | B10: ='M-DiaSemana'!C11 -> Festivo | C10: 0.41666667 | D10: 0.625 | E10: =_xlfn.CONCAT(B10,"-",TEXT(C10,"hh:mm"),"-",TEXT(D10,"hh:mm")) -> Festivo-10:00-15:00
B16: Corresponde a la descripcion de los atributos
B17: Corresponde al identificador unico del objeto de dominio
B18: Corresponde a referencias de objetos de dominio
B19: Corresponde a los datos de tipo hora
B20: Corresponde a la combinacion única

Sheet M-BarberoServicio
A1: <<<< Ir al modulo de dominio | B1: <<<< Ir a objetos de dominio
A2: Representa un identificador que hará unico cada objeto de dominio de este tipo, no se puede repetir | B2: Representa el nombre y apellidos del barbero | C2: Representa el nombre del servicio de la barberia | D2: Representa la cantidad de minutos que un barbero tarda en realizar un servicio, esta duracion el barbero debe de ser consiente de cuanto se demora en realizarlo | E2: Representa la cantidad de minutos que un barbero pone de tiempo extra en las citas de su agenda, cada barbero usa este tiempo porque hay ocaciones que la cita se puede demorar más de lo previsto. Este tiempo les ayuda a evitar que se les retrase la agenda | F2: Combinación única que indica que un mismo barbero no puede aparecer dos veces ofreciendo el mismo servicio
A3: id | B3: barbero | C3: servicio | D3: duracionServicio | E3: tiempoExtra | F3: Combinación única
A4: 1 | B4: =_xlfn.CONCAT('[1]M-Barbero'!B4," ",'[1]M-Barbero'!D4) -> Juan García | C4: ='[1]M-Servicio'!C4 -> Motilada | D4: 45 | E4: 15 | F4: =_xlfn.CONCAT(B4,"-",C4) -> Juan García-Motilada
A5: 2 | B5: =_xlfn.CONCAT('[1]M-Barbero'!B5," ",'[1]M-Barbero'!D5) -> Juan Ortiz | C5: ='[1]M-Servicio'!C5 -> Corte de barba | D5: 10 | E5: 5 | F5: =_xlfn.CONCAT(B5,"-",C5) -> Juan Ortiz-Corte de barba
A6: 3 | B6: =_xlfn.CONCAT('[1]M-Barbero'!B6," ",'[1]M-Barbero'!D6) -> Carlos Arbeladez | C6: ='[1]M-Servicio'!C6 -> Perfilada de barba | D6: 15 | E6: 5 | F6: =_xlfn.CONCAT(B6,"-",C6) -> Carlos Arbeladez-Perfilada de barba
A7: 4 | B7: =_xlfn.CONCAT('[1]M-Barbero'!B7," ",'[1]M-Barbero'!D7) -> Andres Ramirez | C7: ='[1]M-Servicio'!C7 -> Arreglo completo de barba con toalla caliente | D7: 40 | E7: 10 | F7: =_xlfn.CONCAT(B7,"-",C7) -> Andres Ramirez-Arreglo completo de barba con toalla caliente
A8: 5 | B8: =_xlfn.CONCAT('[1]M-Barbero'!B5," ",'[1]M-Barbero'!D5) -> Juan Ortiz | C8: ='[1]M-Servicio'!C4 -> Motilada | D8: 40 | E8: 10 | F8: =_xlfn.CONCAT(B8,"-",C8) -> Juan Ortiz-Motilada
A9: 6 | B9: =_xlfn.CONCAT('[1]M-Barbero'!B6," ",'[1]M-Barbero'!D6) -> Carlos Arbeladez | C9: ='[1]M-Servicio'!C5 -> Corte de barba | D9: 15 | E9: 5 | F9: =_xlfn.CONCAT(B9,"-",C9) -> Carlos Arbeladez-Corte de barba
A10: 7 | B10: =_xlfn.CONCAT('[1]M-Barbero'!B4," ",'[1]M-Barbero'!D4) -> Juan García | C10: ='[1]M-Servicio'!C6 -> Perfilada de barba | D10: 20 | E10: 5 | F10: =_xlfn.CONCAT(B10,"-",C10) -> Juan García-Perfilada de barba
A11: 8 | B11: =_xlfn.CONCAT('[1]M-Barbero'!B7," ",'[1]M-Barbero'!D7) -> Andres Ramirez | C11: ='[1]M-Servicio'!C4 -> Motilada | D11: 50 | E11: 15 | F11: =_xlfn.CONCAT(B11,"-",C11) -> Andres Ramirez-Motilada
A12: 9 | B12: =_xlfn.CONCAT('[1]M-Barbero'!B8," ",'[1]M-Barbero'!D8) -> Juan Zambrano | C12: ='[1]M-Servicio'!C5 -> Corte de barba | D12: 12 | E12: 5 | F12: =_xlfn.CONCAT(B12,"-",C12) -> Juan Zambrano-Corte de barba

Sheet M-HorarioBarbero
A1: <<<< Ir al modulo de dominio | B1: <<<< Ir a objetos de dominio
A2: Representa un identificador que hará unico cada objeto de dominio de este tipo, no se puede repetir | B2: Referencia a que barbero va a ser dueño de esta agenda | C2: Hace referencia a la agenda del barbero en la que queda guardado este horario de trabajo | D2: Representa la hora en la que el barbero empieza a estar disponible ese dia. Su valor por defecto es 00:00 y es permitido. La hora debe de estar dentro del horario barberia | E2: Representa la hora en la que el barbero deja de estar disponible ese día, junto con horaInicio, es lo que la aplicación usa para saber si hay campo para agendar una cita nueva. Su valor por defecto es 00:00 y no es permitido. Esta hora debe de ser mayor a horaInicio y también debe de estar dentro de horario barberia | F2: Representa la fecha en el que el barbero creo esta agenda. Es un dato calculado que toma la fecha de hoy cuando el barbero crea la agenda | G2: Representa la fecha en el que el barbero decidio que ya no va a trabaja más en este horario. Es un dato calculo que toma la fecha de hoy cuando el barbero dice que ya no es vigente | H2: Representa si este horario lo sigue o no usando el barbero. Una vez que el barbero cambie este estado a no vigente, no se puede volver a cambiar | I2: Combinación única que indica que un barbero no puede tener más de un horario, cada barbero organiza todo su tiempo en un único lugar
A3: id | B3: barbero | C3: horarioDeLaBarberia | D3: horaInicio | E3: horaFinal | F3: fechaCreacion | G3: fechaDesactivacion | H3: vigente | I3: Combinación única
A4: 1 | B4: ='[1]M-Barbero'!K4 -> Juan-Fernando-García-Lopez-+57-3245627890 | C4: ='M-HorarioBarberia'!E4 -> Lunes-09:00-19:00 | D4: 0.41666667 | E4: 0.66666667 | F4: 45780 | G4: 1/01/1000 | H4: si | I4: =_xlfn.CONCAT(B4,"-",C4,"-",TEXT(D4,"hh:mm"),"-",TEXT(E4,"hh:mm")) -> Juan-Fernando-García-Lopez-+57-3245627890-Lunes-09:00-19:00-10:00-16:00
A5: 2 | B5: ='[1]M-Barbero'!K5 -> Juan-David-Ortiz-Sanchez-+57-3124518923 | C5: ='M-HorarioBarberia'!E5 -> Martes-09:00-19:00 | D5: 0.375 | E5: 0.625 | F5: 45718 | G5: 1/01/1000 | H5: si | I5: =_xlfn.CONCAT(B5,"-",C5,"-",TEXT(D5,"hh:mm"),"-",TEXT(E5,"hh:mm")) -> Juan-David-Ortiz-Sanchez-+57-3124518923-Martes-09:00-19:00-09:00-15:00
A6: 3 | B6: ='[1]M-Barbero'!K6 -> Carlos--Arbeladez--+57-3214533321 | C6: ='M-HorarioBarberia'!E7 -> Jueves-09:00-19:00 | D6: 0.54166667 | E6: 0.79166667 | F6: 44917 | G6: 1/01/1000 | H6: si | I6: =_xlfn.CONCAT(B6,"-",C6,"-",TEXT(D6,"hh:mm"),"-",TEXT(E6,"hh:mm")) -> Carlos--Arbeladez--+57-3214533321-Jueves-09:00-19:00-13:00-19:00
A7: 4 | B7: ='[1]M-Barbero'!K7 -> Andres--Ramirez-Patiño-+91-9876543210 | C7: ='M-HorarioBarberia'!E9 -> Sábado-08:00-21:00 | D7: 0.33333333 | E7: 0.58333333 | F7: 45915 | G7: 46023 | H7: no | I7: =_xlfn.CONCAT(B7,"-",C7,"-",TEXT(D7,"hh:mm"),"-",TEXT(E7,"hh:mm")) -> Andres--Ramirez-Patiño-+91-9876543210-Sábado-08:00-21:00-08:00-14:00
A8: 5 | B8: ='[1]M-Barbero'!K7 -> Andres--Ramirez-Patiño-+91-9876543210 | C8: ='M-HorarioBarberia'!E10 -> Festivo-10:00-15:00 | D8: 0.5 | E8: 0.625 | F8: 46054 | G8: 46083 | H8: no | I8: =_xlfn.CONCAT(B8,"-",C8,"-",TEXT(D8,"hh:mm"),"-",TEXT(E8,"hh:mm")) -> Andres--Ramirez-Patiño-+91-9876543210-Festivo-10:00-15:00-12:00-15:00
B14: Corresponde a la descripcion de los atributos
B15: Corresponde al identificador unico del objeto de dominio
B16: Corresponde a referencias de objetos de dominio
B17: Corresponde a los datos de tipo alfanumerico
B18: Corresponde a los datos de tipo hora
B19: Corresponde a los datos calculados
B20: Corresponde a los datos tipo logico
B21: Corresponde a la combinacion única

Sheet M-Agenda

Sheet M-Cita

Sheet M-Multa
