Workbook

Sheet Modelo de Dominio
A1: Ir a objetos de dominio >>>>

Sheet Objetos de Dominio
A1: <<<< Ir al modulo de dominio
A2: Nombre | B2: Descripcion | C2: Linea de vida | D2: Datos
A3: Barberia | B3: Representa el negocio donde trabajan los barberos, agrupa el catalogo de servicios que ofrece y las reglas de tolerancia, multas y veto que aplican para todos sus clientes | C3: 1 | D3: aquí
A4: Cliente | B4: Representa a la persona que solicita citas en la barbería, el se las pide a un barbero por WhatsApp. Cada uno solo es para que en el sistema tenga un historial de las citas que ha pedido, de multas y de vetos | C4: 1 | D4: aquí
A5: Regla | B5: Representa las politicas configurables del negocio, cuantos minutos de tolerancia se permiten antes de aplicar una multa por tardanza, cuanto vale esa multa, y cuantas multas sin pagar se necesitan para que un cliente quede vetado | C5: 2 | D5: aquí
A6: HorarioBarberia | B6: Representa cada día de la semana en los que la barberia abre, la hora a la que abre y cierra la barberia | C6: 2 | D6: aquí
A7: Servicio | B7: Representa un tipo de servicio que ofrece la barbería, por ejemplo, motilada, afeitada de barba, perfilar barba, con su duración y su precio. Este precio es el que se usa para calcular la multa cuando un cliente no se presenta a una cita | C7: 2 | D7: aquí
A8: Barbero | B8: Representa a un trabajador de la barbería que atiende clientes segun los servicios que sabe realizar y que organiza su tiempo a través de su propia agenda | C8: 2 | D8: aquí
A9: Veto | B9: Representa el historial de estado de bloqueo de un cliente, cuando esta activo, ningun barbero de la barbería puede agendarle nuevas citas. Se activa cuando el cliente llega al número de multas sin pagar definido en Regla | C9: 2 | D9: aquí
A10: BarberoServicio | B10: Representa que servicios realiza cada barbero, ya que no todos los barberos de la barbería ofrecen los mismos servicios | C10: 3 | D10: aquí
A11: Agenda | B11: Representa el calendario de un barbero, incluye su horario de trabajo, sus bloqueos temporales (permisos, capacitaciones, compromisos que no le permiten trabajar) y las citas que se le van agendando, validando que ninguna se cruce con otra | C11: 3 | D11: aquí
A12: HorarioBarbero | B12: Representa cada dia de la semana, hora en el que entra, hora a la que sale, para que la agenda del barbero sepa que dias trabaja el | C12: 4 | D12: aquí
A13: Cita | B13: Representa una cita agendada por un cliente con un barbero, incluye la fecha y hora, el o los servicios solicitados, y su estado agendada(indica que se ha creado la cita y esta esperando el cambio de estado depues de la hora prevista de finalizacion), atendida(indica que el barbero atendió correctamente al cliente), incumplida(indica que el cliente violó una de las reglas establecidas) o cancelada(indica que el cliente le pidio al barbero que ya no quiere la cita, por lo que esta cita no va a aparecer en su agenda) | C13: 4 | D13: aquí
A14: Multa | B14: Representa la sanción económica que se le impone a un cliente por incumplir una cita (llegar tarde fuera de tolerancia o no presentarse), calculada a partir de la cita específica que la originó | C14: 5 | D14: aquí
A15: CitaServicio | B15: Representa cada servicio incluido dentro de una cita puntual, guardando el precio y la duración que tenía ese servicio en el momento exacto en que se agendó, para que cambios futuros en el catálogo no alteren citas ya registradas | C15: 5 | D15: aquí

Sheet Barberia_D
A1: <<<< Ir al modulo de dominio | B1: <<<< Ir a objetos de dominio
A2: Representa un identificador que hará unico cada objeto de dominio de este tipo, no se puede repetir | B2: Representa el nombre de como se llama la barberia en donde trabajan los barberos
A3: id | B3: nombre
A4: 1 | B4: Barbería Oriental

Sheet Cliente_D
A1: <<<< Ir al modulo de dominio | B1: <<<< Ir a objetos de dominio
A2: Representa un identificador que hará unico cada objeto de dominio de este tipo, no se puede repetir | B2: Representa el primer nombre de la persona, que va a estar llendo a la barberia para las citas, su valor por defecto es el vacío y no es permitido | C2: Representa el segundo nombre de la persona, que va a estar llendo a la barberia para las citas, su valor por defecto es el vacío y es permitido | D2: Representa el primer apellido de la persona, que va a estar llendo a la barberia para las citas, su valor por defecto es el vacío y no es permitido | E2: Representa el primer apellido de la persona, que va a estar llendo a la barberia para las citas, su valor por defecto es el vacío y es permitido | F2: Representa de que pais es el numero de celular del cliente | G2: Representa el numero de celular de la persona que le va aescribir al barbero por WhatsApp para pedirle una cita | H2: Combinacion única que indica que no puede existir más de un cliente con un mismo nombre, apellidos, prefijo de celular y número de celular
A3: id | B3: primerNombre | C3: segundoNombre | D3: primerApellido | E3: segundoApellido | F3: prefijo | G3: celular | H3: Combinación única
A4: 1 | B4: Juan | D4: Gómez | F4: +57 | G4: 3234528921 | H4: =_xlfn.CONCAT(B4,"-",C4,"-",D4,"-",E4,"-",F4,"-",G4) -> Juan--Gómez--+57-3234528921
A5: 2 | B5: Jose | C5: Miguel | D5: Ramirez | E5: Perez | F5: +57 | G5: 3161657782 | H5: =_xlfn.CONCAT(B5,"-",C5,"-",D5,"-",E5,"-",F5,"-",G5) -> Jose-Miguel-Ramirez-Perez-+57-3161657782
A6: 3 | B6: Simon | D6: Ochoa | E6: Ramirez | F6: +57 | G6: 3119884321 | H6: =_xlfn.CONCAT(B6,"-",C6,"-",D6,"-",E6,"-",F6,"-",G6) -> Simon--Ochoa-Ramirez-+57-3119884321
A7: 4 | B7: Alexis | D7: Gallego | F7: +58 | G7: 4127359182 | H7: =_xlfn.CONCAT(B7,"-",C7,"-",D7,"-",E7,"-",F7,"-",G7) -> Alexis--Gallego--+58-4127359182

Sheet Regla_D
A1: <<<< Ir al modulo de dominio | B1: <<<< Ir a objetos de dominio
A2: Representa un identificador que hará unico cada objeto de dominio de este tipo, no se puede repetir | B2: Representa la cantidad de minutos que el cliente puede llegarle tarde un cliente a la cita establecida con el barbero, despues de eso el barbero lo podrá multar | C2: Representa la cantidad de dinero que el cliente debe de pagar en pesos colombianos, por superar la toleranciaTardanza | D2: Representa la maxima de multas que pueda tener un cliente sin pagar, a partir de esta cantidad se le hace un veto al cliente | E2: Representa el nombre de la barberia que va a estar asociado la regla
A3: id | B3: toleranciaTardanza | C3: montoMultaTardanza | D3: numeroMultasMaxima | E3: barberia
A4: 1 | B4: 10 | C4: 10000 | D4: 3 | E4: =Barberia_D!B4 -> Barbería Oriental | F4: =_xlfn.CONCAT(D9)

Sheet HorarioBarberia_D
A1: <<<< Ir al modulo de dominio | B1: <<<< Ir a objetos de dominio
A2: Representa un identificador que hará unico cada objeto de dominio de este tipo, no se puede repetir | B2: Representa el nombre de la barberia que va pertencer los horarios de la barberia | C2: Representa el día de la semana en que aplica este horario, es necesario para saber que días abrira la barberia | D2: Representa la hora a la que abre la barbería | E2: Representa la hora a la que cierra la barbería | F2: Combinacion única que indica que no puede existir más de un horario con la misma barberia, dia de la semana, hora de apertura y cierre
A3: id | B3: barberia | C3: dia | D3: horaApertura | E3: horaCierre | F3: Combinación única
A4: 1 | B4: =Barberia_D!B4 -> Barbería Oriental | C4: Lunes | D4: 0.375 | E4: 0.79166667 | F4: =_xlfn.CONCAT(B4,"-",C4,"-",TEXT(D4,"hh:mm"),"-",TEXT(E4,"hh:mm")) -> Barbería Oriental-Lunes-09:00-19:00
A5: 2 | B5: =Barberia_D!B4 -> Barbería Oriental | C5: Martes | D5: 0.375 | E5: 0.79166667 | F5: =_xlfn.CONCAT(B5,"-",C5,"-",TEXT(D5,"hh:mm"),"-",TEXT(E5,"hh:mm")) -> Barbería Oriental-Martes-09:00-19:00
A6: 3 | B6: =Barberia_D!B4 -> Barbería Oriental | C6: Miércoles | D6: 0.375 | E6: 0.79166667 | F6: =_xlfn.CONCAT(B6,"-",C6,"-",TEXT(D6,"hh:mm"),"-",TEXT(E6,"hh:mm")) -> Barbería Oriental-Miércoles-09:00-19:00
A7: 4 | B7: =Barberia_D!B4 -> Barbería Oriental | C7: Jueves | D7: 0.375 | E7: 0.79166667 | F7: =_xlfn.CONCAT(B7,"-",C7,"-",TEXT(D7,"hh:mm"),"-",TEXT(E7,"hh:mm")) -> Barbería Oriental-Jueves-09:00-19:00
A8: 5 | B8: =Barberia_D!B4 -> Barbería Oriental | C8: Viernes | D8: 0.375 | E8: 0.79166667 | F8: =_xlfn.CONCAT(B8,"-",C8,"-",TEXT(D8,"hh:mm"),"-",TEXT(E8,"hh:mm")) -> Barbería Oriental-Viernes-09:00-19:00
A9: 6 | B9: =Barberia_D!B4 -> Barbería Oriental | C9: Sábado | D9: 0.33333333 | E9: 0.875 | F9: =_xlfn.CONCAT(B9,"-",C9,"-",TEXT(D9,"hh:mm"),"-",TEXT(E9,"hh:mm")) -> Barbería Oriental-Sábado-08:00-21:00

Sheet Servicio_D
A1: <<<< Ir al modulo de dominio | B1: <<<< Ir a objetos de dominio
A2: Representa un identificador que hará unico cada objeto de dominio de este tipo, no se puede repetir | B2: Representa el nombre de la barbería que pertenece el servicio | C2: Representa el nombre del servicio que va estar en la barberia, que el barbero ofrece y en las citas que esta | D2: Representa lo que va durar en minutos el servicio | E2: Representa cuanto va a valer el servicio en pesos colombianos | F2: Combinacion única que indica que no puede existir más de un servicio con el mismo nombre
A3: id | B3: barberia | C3: nombre | D3: duracion | E3: precio | F3: combinacion única
A4: 1 | B4: =Barberia_D!B4 -> Barbería Oriental | C4: Motilada | D4: 45 | E4: 22000 | F4: =C4 -> Motilada
A5: 2 | B5: =Barberia_D!B4 -> Barbería Oriental | C5: Corte de barba | D5: 10 | E5: 12000 | F5: =C5 -> Corte de barba
A6: 3 | B6: =Barberia_D!B4 -> Barbería Oriental | C6: Perfilada de barba | D6: 15 | E6: 15000 | F6: =C6 -> Perfilada de barba
A7: 4 | B7: =Barberia_D!B4 -> Barbería Oriental | C7: Arreglo completo de barba con toalla caliente | D7: 30 | E7: 35000 | F7: =C7 -> Arreglo completo de barba con toalla caliente

Sheet Barbero_D
A1: <<<< Ir al modulo de dominio | B1: <<<< Ir a objetos de dominio
A2: Representa un identificador que hará unico cada objeto de dominio de este tipo, no se puede repetir | B2: Representa el primer nombre del barbero que trabaja en barbería, su valor por defecto es el vacio | C2: Representa el segundo nombre del barbero que trabaja en barbería, su valor por defecto es el vacio y es permitido | D2: Representa el primer apellido del barbero que trabaja en la barbería, su valor por defecto es el vacio | E2: Representa el segundo apellido del barbero que trabaja en la barbería, su valor por defecto es el vacio y es permitido | F2: Representa de que pais es el numero de celular del barbero | G2: Representa el numero de celular del barbero | H2: Representa el correo electronico del barbero, con el que se va a registrar o iniciar seción | I2: Representa la contraseña del barbebro, con el que se va a registrar o iniciar sesión | J2: Representa si el barbero sigue o no trabajando en la barberia, es un dato calculado cuando el barbero tiene en su agenda un horario de trabajo si es vigente y si no tiene horario de trabajo dice no es vigente | K2: Representa la barbería en la que trabaja el barbero | L2: Combinacion única que indica que no puede existir más de un barbero con el mismo nombre, apellidos y número de celular
A3: id | B3: primerNombre | C3: segundoNombre | D3: primerApellido | E3: segundoApellido | F3: prefijo | G3: celular | H3: correo | I3: contraseña | J3: vigente | K3: barberia | L3: Combinación única
A4: 1 | B4: Juan Fernando | C4: Fernando | D4: García Lopez | E4: Lopez | F4: +57 | G4: 3245627890 | H4: juanfer234535@gmail.com | I4: 1264267821 | J4: si | K4: =Barberia_D!B4 -> Barbería Oriental | L4: =_xlfn.CONCAT(B4,"-",C4,"-",D4,"-",E4,"-",F4,"-",G4) -> Juan Fernando-Fernando-García Lopez-Lopez-+57-3245627890
A5: 2 | B5: Juan David | C5: David | D5: Ortiz Sanchez | E5: Sanchez | F5: +57 | G5: 3124518923 | H5: juandaviddd2525@gmail.com | I5: Juan.sanchez2342 | J5: no | K5: =Barberia_D!B4 -> Barbería Oriental | L5: =_xlfn.CONCAT(B5,"-",C5,"-",D5,"-",E5,"-",F5,"-",G5) -> Juan David-David-Ortiz Sanchez-Sanchez-+57-3124518923
A6: 3 | B6: Carlos | D6: Arbeladez | F6: +57 | G6: 3214533321 | H6: carlosbeladez@gmail.com | I6: Carlos.1995 | J6: si | K6: =Barberia_D!B4 -> Barbería Oriental | L6: =_xlfn.CONCAT(B6,"-",C6,"-",D6,"-",E6,"-",F6,"-",G6) -> Carlos--Arbeladez--+57-3214533321
A7: 4 | B7: Andres | D7: Ramirez Patiño | E7: Patiño | F7: +91 | G7: 9876543210 | H7: andresramirezpatino123@gmail.com | I7: ramirezpatinio23121 | J7: si | K7: =Barberia_D!B4 -> Barbería Oriental | L7: =_xlfn.CONCAT(B7,"-",C7,"-",D7,"-",E7,"-",F7,"-",G7) -> Andres--Ramirez Patiño-Patiño-+91-9876543210

Sheet Veto_D
A1: <<<< Ir al modulo de dominio | B1: <<<< Ir a objetos de dominio
A2: Representa un identificador que hará unico cada objeto de dominio de este tipo, no se puede repetir | B2: Representa el numero de celular del cliente al que se veto, es decir al que no se le podra agendar más citas | C2: Representa la fecha en el que se veto al cliente, por acomular y no pagar las multas, el numero para que se de el veto lo define la regla de la barbería | D2: Representa si el veto está vigente o no. Es el dato que indica si el cliente se le quito la sancion del veto o no. Este dato se calcula, cada que un cliente acomule 3 multas sin pagar se pone si o si el paga una de las multas el sistema lo pone en no | E2: Combinacion única que indica que no puede existir más de un veto con el mismo cliente y la misma fecha
A3: id | B3: numeroCelularCliente | C3: fecha | D3: activo | E3: Combinacion única
A4: 1 | B4: =Cliente_D!G4 -> 3234528921 | C4: 45255 | D4: no | E4: =_xlfn.CONCAT(B4,"-",TEXT(C4,"dd/mm/yyyy")) -> 3234528921-25/11/2023
A5: 2 | B5: =Cliente_D!G5 -> 3161657782 | C5: 45372 | D5: no | E5: =_xlfn.CONCAT(B5,"-",TEXT(C5,"dd/mm/yyyy")) -> 3161657782-21/03/2024
A6: 3 | B6: =Cliente_D!G6 -> 3119884321 | C6: 45556 | D6: si | E6: =_xlfn.CONCAT(B6,"-",TEXT(C6,"dd/mm/yyyy")) -> 3119884321-21/09/2024
A7: 4 | B7: =Cliente_D!G7 -> 4127359182 | C7: 46002 | D7: si | E7: =_xlfn.CONCAT(B7,"-",TEXT(C7,"dd/mm/yyyy")) -> 4127359182-11/12/2025

Sheet BarberoServicio_D
A1: <<<< Ir al modulo de dominio | B1: <<<< Ir a objetos de dominio
A2: Representa un identificador que hará unico cada objeto de dominio de este tipo, no se puede repetir | B2: Representa el nombre y apellidos del barbero | C2: Representa el nombre del servicio de la barberia | D2: Combinación única que indica que un mismo barbero no puede aparecer dos veces ofreciendo el mismo servicio
A3: id | B3: barbero | C3: servicio | D3: Combinación única
A4: 1 | B4: =_xlfn.CONCAT(Barbero_D!B4," ",Barbero_D!D4) -> Juan Fernando García Lopez | C4: =Servicio_D!C4 -> Motilada | D4: =_xlfn.CONCAT(B4,"-",C4) -> Juan Fernando García Lopez-Motilada
A5: 2 | B5: =_xlfn.CONCAT(Barbero_D!B5," ",Barbero_D!D5) -> Juan David Ortiz Sanchez | C5: =Servicio_D!C5 -> Corte de barba | D5: =_xlfn.CONCAT(B5,"-",C5) -> Juan David Ortiz Sanchez-Corte de barba
A6: 3 | B6: =_xlfn.CONCAT(Barbero_D!B6," ",Barbero_D!D6) -> Carlos Arbeladez | C6: =Servicio_D!C6 -> Perfilada de barba | D6: =_xlfn.CONCAT(B6,"-",C6) -> Carlos Arbeladez-Perfilada de barba
A7: 4 | B7: =_xlfn.CONCAT(Barbero_D!B7," ",Barbero_D!D7) -> Andres Ramirez Patiño | C7: =Servicio_D!C7 -> Arreglo completo de barba con toalla caliente | D7: =_xlfn.CONCAT(B7,"-",C7) -> Andres Ramirez Patiño-Arreglo completo de barba con toalla caliente

Sheet Agenda_D
A1: <<<< Ir al modulo de dominio | B1: <<<< Ir a objetos de dominio
A2: Representa un identificador que hará unico cada objeto de dominio de este tipo, no se puede repetir | B2: Referencia a que barbero va a ser dueño de esta agenda, es el dato que conecta el calendario con la persona que lo usa para organizar su tiempo y sus citas | C2: Combinación única que indica que un barbero no puede tener más de una agenda, cada barbero organiza todo su tiempo en un único lugar
A3: id | B3: barbero | C3: Combinación única
A4: 1 | B4: =_xlfn.CONCAT(Barbero_D!B4," ",Barbero_D!D4) -> Juan Fernando García Lopez | C4: =B4 -> Juan Fernando García Lopez
A5: 2 | B5: =_xlfn.CONCAT(Barbero_D!B5," ",Barbero_D!D5) -> Juan David Ortiz Sanchez | C5: =B5 -> Juan David Ortiz Sanchez
A6: 3 | B6: =_xlfn.CONCAT(Barbero_D!B6," ",Barbero_D!D6) -> Carlos Arbeladez | C6: =B6 -> Carlos Arbeladez
A7: 4 | B7: =_xlfn.CONCAT(Barbero_D!B7," ",Barbero_D!D7) -> Andres Ramirez Patiño | C7: =B7 -> Andres Ramirez Patiño

Sheet HorarioBarbero_D
A1: <<<< Ir al modulo de dominio | B1: <<<< Ir a objetos de dominio
A2: Representa un identificador que hará unico cada objeto de dominio de este tipo, no se puede repetir | B2: Hace referencia a la agenda (y por lo tanto al barbero) a la que pertenece este horario, permite saber de quién es cada bloque de disponibilidad | C2: Representa el día de la semana en que aplica este horario, es necesario porque un barbero puede trabajar unos días sí y otros no | D2: Representa la hora en la que el barbero empieza a estar disponible ese dia | E2: Representa la hora en la que el barbero deja de estar disponible ese día, junto con horaInicio, es lo que la aplicación usa para saber si hay campo para agendar una cita nueva | F2: Combinación única que indica que una misma agenda no puede tener dos horarios distintos para el mismo día
A3: id | B3: agenda | C3: dia | D3: horaInicio | E3: horaFin | F3: Combinación única
A4: 1 | B4: =Agenda_D!C4 -> Juan Fernando García Lopez | C4: Lunes | D4: 0.41666667 | E4: 0.66666667 | F4: =_xlfn.CONCAT(B4,"-",C4,"-",TEXT(D4,"hh;mm"),"-",TEXT(E4,"hh;mm")) -> Juan Fernando García Lopez-Lunes-10-16
A5: 2 | B5: =Agenda_D!C5 -> Juan David Ortiz Sanchez | C5: Martes | D5: 0.375 | E5: 0.625 | F5: =_xlfn.CONCAT(B5,"-",C5,"-",TEXT(D5,"hh;mm"),"-",TEXT(E5,"hh;mm")) -> Juan David Ortiz Sanchez-Martes-09-15
A6: 3 | B6: =Agenda_D!C6 -> Carlos Arbeladez | C6: Jueves | D6: 0.54166667 | E6: 0.79166667 | F6: =_xlfn.CONCAT(B6,"-",C6,"-",TEXT(D6,"hh;mm"),"-",TEXT(E6,"hh;mm")) -> Carlos Arbeladez-Jueves-13-19
A7: 4 | B7: =Agenda_D!C7 -> Andres Ramirez Patiño | C7: Sábado | D7: 0.33333333 | E7: 0.58333333 | F7: =_xlfn.CONCAT(B7,"-",C7,"-",TEXT(D7,"hh;mm"),"-",TEXT(E7,"hh;mm")) -> Andres Ramirez Patiño-Sábado-08-14

Sheet Cita_D
A1: <<<< Ir al modulo de dominio | B1: <<<< Ir a objetos de dominio
A2: Representa un identificador que hará unico cada objeto de dominio de este tipo, no se puede repetir | B2: Representa el nombre completo del cliente que va a estar en la cita, para que luego el barbero se acuerde a quien tiene que atender | C2: Hace referencia a en la agenda de que barbero quedó registrada esta cita, es lo que permite validar que no se cruce con otra cita del mismo barbero | D2: Representa la fecha y la hora en el que se va a realizar la cita al cliente | E2: Representa la hora prevista a la que finaliza una cita, es un dato calculado a partir de la hora en que empieza la cita y la duración del servicio, sumándole la duración del servicio a la hora de inicio | F2: Representa en que momento del proceso está la cita: agendada (se creó y espera a que el cliente llegue), atendida (la cita se cumplió sin ningún inconveniente), retraso (el cliente llegó, pero pasada la tolerancia de tiempo) ,incumplida (el cliente nunca llegó) o cancelada (el cliente avisó con anticipación que ya no la quiere) | G2: Combinación única que indica que una cita no puede existir dentro de una agenda con la misma fecha y hora de inicio para la cita
A3: id | B3: cliente | C3: agenda | D3: fechaHora | E3: horaFin | F3: estado | G3: Combinación única
A4: 1 | B4: =_xlfn.CONCAT(Cliente_D!B4," ",Cliente_D!C4," ", Cliente_D!D4," ",Cliente_D!E4) -> Juan Gómez | C4: =Agenda_D!C4 -> Juan Fernando García Lopez | D4: 46295.417 | E4: 0.44791667 | F4: agendada | G4: =_xlfn.CONCAT(C4,"-",TEXT(D4,"dd/mm/yyyy/hh:mm")) -> Juan Fernando García Lopez-30/09/2026/10:00
A5: 2 | B5: =_xlfn.CONCAT(Cliente_D!B5," ",Cliente_D!C5," ", Cliente_D!D5," ",Cliente_D!E5) -> Jose Miguel Ramirez Perez | C5: =Agenda_D!C5 -> Juan David Ortiz Sanchez | D5: 45983.458 | E5: 0.48958333 | F5: atendida | G5: =_xlfn.CONCAT(C5,"-",TEXT(D5,"dd/mm/yyyy/hh:mm")) -> Juan David Ortiz Sanchez-22/11/2025/11:00
A6: 3 | B6: =_xlfn.CONCAT(Cliente_D!B6," ",Cliente_D!C6," ", Cliente_D!D6," ",Cliente_D!E6) -> Simon Ochoa Ramirez | C6: =Agenda_D!C6 -> Carlos Arbeladez | D6: 45514.583 | E6: 0.59375 | F6: retraso | G6: =_xlfn.CONCAT(C6,"-",TEXT(D6,"dd/mm/yyyy/hh:mm")) -> Carlos Arbeladez-10/08/2024/14:00
A7: 4 | B7: =_xlfn.CONCAT(Cliente_D!B7," ",Cliente_D!C7," ", Cliente_D!D7," ",Cliente_D!E7) -> Alexis Gallego | C7: =Agenda_D!C7 -> Andres Ramirez Patiño | D7: 46289.542 | E7: 0.5625 | F7: incumplida | G7: =_xlfn.CONCAT(C7,"-",TEXT(D7,"dd/mm/yyyy/hh:mm")) -> Andres Ramirez Patiño-24/09/2026/13:00
A8: 5 | B8: =_xlfn.CONCAT(Cliente_D!B7," ",Cliente_D!C7," ", Cliente_D!D7," ",Cliente_D!E7) -> Alexis Gallego | C8: =Agenda_D!C6 -> Carlos Arbeladez | D8: 46240.75 | E8: 0.75694444 | F8: cancelada | G8: =_xlfn.CONCAT(C8,"-",TEXT(D8,"dd/mm/yyyy/hh:mm")) -> Carlos Arbeladez-06/08/2026/18:00

Sheet Multa_D
A1: <<<< Ir al modulo de dominio | B1: <<<< Ir a objetos de dominio
A2: Representa un identificador que hará unico cada objeto de dominio de este tipo, no se puede repetir | B2: Hace referencia a que cliente se le esta cobrando la multa, es el dato que se usa para sumar cuántas multas sin pagar tiene una persona y decidir si debe ser vetada, dependiendo de como se definio en regla | C2: Hace referencia a la cita puntual que el cliente incumplió (llegando tarde fuera de la tolerancia o no presentándose), de esa cita es de donde sale el valor de monto si fue el caso de no presentase | D2: Representa cuanto dinero en pesos colombianos debe pagar el cliente la multa, si es por retraso se el monto es el que dice en regla y si es por incumplida el monto es del o los servicios que pidio | E2: Representa el tipo de multa con el que se va sancionar, si es retraso o incumplida. Este es un dato obtenido del estado de cita | F2: Representa si el cliente ya pagó o no esta multa, es el dato que se revisa para decidir si un cliente llega al número de multas sin pagar que activa el veto | G2: Combinación única que indica que una misma cita no puede generar más de una multa
A3: id | B3: cliente | C3: cita | D3: monto | E3: tipo | F3: pagada | G3: Combinación única
A4: 1 | B4: =Cliente_D!H6 -> Simon--Ochoa-Ramirez-+57-3119884321 | C4: =Cita_D!G6 -> Carlos Arbeladez-10/08/2024/14:00 | D4: =Regla_D!C4 -> 10000 | E4: retraso | F4: si | G4: =C4 -> Carlos Arbeladez-10/08/2024/14:00
A5: 2 | B5: =Cliente_D!H7 -> Alexis--Gallego--+58-4127359182 | C5: =Cita_D!G7 -> Andres Ramirez Patiño-24/09/2026/13:00 | D5: =CitaServicio_D!D7 -> 35000 | E5: incumplida | F5: no | G5: =C5 -> Andres Ramirez Patiño-24/09/2026/13:00

Sheet CitaServicio_D
A1: <<<< Ir al modulo de dominio | B1: <<<< Ir a objetos de dominio
A2: Representa un identificador que hará unico cada objeto de dominio de este tipo, no se puede repetir | B2: Hace referencia a la cita puntual en la que se pidió este servicio | C2: Hace referencia a cual servicio del catalogo fue el que se pidió en esa cita | D2: Representa cuanto valía el servicio en el momento exacto en que se agendó la cita, se guarda aparte del precio del catalogo por si el precio de ese servicio cambia después, las citas ya registradas no se vean afectadas | E2: Representa cuanto duraba el servicio en el momento en que se agendó, junto con la hora de inicio de la cita permite calcular hasta que hora queda ocupado el barbero | F2: Combinación única que indica que un mismo servicio no puede repetirse dos veces dentro de la misma cita
A3: id | B3: cita | C3: servicio | D3: precioAlMomento | E3: duracionAlMomento | F3: Combinación única
A4: 1 | B4: =Cita_D!G4 -> Juan Fernando García Lopez-30/09/2026/10:00 | C4: =Servicio_D!F4 -> Motilada | D4: 22000 | E4: 45 | F4: =_xlfn.CONCAT(B4,"-",C4) -> Juan Fernando García Lopez-30/09/2026/10:00-Motilada
A5: 2 | B5: =Cita_D!G5 -> Juan David Ortiz Sanchez-22/11/2025/11:00 | C5: =Servicio_D!F4 -> Motilada | D5: 22000 | E5: 45 | F5: =_xlfn.CONCAT(B5,"-",C5) -> Juan David Ortiz Sanchez-22/11/2025/11:00-Motilada
A6: 3 | B6: =Cita_D!G6 -> Carlos Arbeladez-10/08/2024/14:00 | C6: =Servicio_D!F6 -> Perfilada de barba | D6: 15000 | E6: 15 | F6: =_xlfn.CONCAT(B6,"-",C6) -> Carlos Arbeladez-10/08/2024/14:00-Perfilada de barba
A7: 4 | B7: =Cita_D!G7 -> Andres Ramirez Patiño-24/09/2026/13:00 | C7: =Servicio_D!F7 -> Arreglo completo de barba con toalla caliente | D7: 35000 | E7: 30 | F7: =_xlfn.CONCAT(B7,"-",C7) -> Andres Ramirez Patiño-24/09/2026/13:00-Arreglo completo de barba con toalla caliente
A8: 5 | B8: =Cita_D!G8 -> Carlos Arbeladez-06/08/2026/18:00 | C8: Corte de barba | D8: 12000 | E8: 10 | F8: =_xlfn.CONCAT(B8,"-",C8) -> Carlos Arbeladez-06/08/2026/18:00-Corte de barba
