Workbook

Sheet Modelo de Dominio
A1: Ir a objetos de dominio >>>>

Sheet Objetos de Dominio
A1: <<<< Ir al modulo de dominio
A2: Nombre | B2: Descripcion | C2: Linea de vida | D2: Datos
A3: DiaSemana | B3: Representa cada uno de los días de la semana, incluyendo festivo, que se usa como catálogo para definir los horarios de la barbería y de cada barbero | C3: 1 | D3: Aquí
A4: Estado | B4: Representa en qué situación puntual se encuentra una cita: agendada, finalizada, cancelada por alguna de las partes, con tardanza del cliente o del barbero, o con inasistencia del cliente | C4: 1 | D4: Aquí
A5: Servicio | B5: Representa cada tipo de corte o arreglo que ofrece la barbería, definido por el dueño, para que luego cada barbero decida cuáles sabe hacer | C5: 1 | D5: Aquí
A6: Regla | B6: Representa las políticas de la barbería frente al incumplimiento de clientes y barberos: tolerancias de tardanza, monto de la multa fija, número máximo de multas sin pagar antes del veto, y el descuento que se da cuando el barbero se demora | C6: 1 | D6: Aquí
A7: PrefijoCelular | B7: Representa el catálogo de prefijos telefónicos de país disponibles para el número de celular de barberos y clientes | C7: 1 | D7: Aquí
A8: TipoMulta | B8: Representa los tipos de multa que puede recibir un cliente: por tardanza o por inasistencia | C8: 1 | D8: Aquí
A9: Barbero | B9: Representa a un trabajador de la barbería que atiende clientes según los servicios que sabe realizar, organiza su propio horario y tiene su agenda personal | C9: 2 | D9: Aquí
A10: Cliente | B10: Representa a la persona que solicita citas en la barbería con un barbero, ya sea por WhatsApp o desde la aplicación. Guarda su historial de multas sin pagar para saber si está o no vetado | C10: 2 | D10: Aquí
A11: HorarioBarberia | B11: Representa, día por día, a qué hora abre y cierra el negocio; es el límite dentro del cual debe caber el horario de cualquier barbero | C11: 2 | D11: Aquí
A12: BarberoServicio | B12: Representa qué servicios sabe hacer cada barbero, cuánto se demora en realizarlos y cuánto tiempo extra usa de colchón, ya que no todos los barberos ofrecen los mismos servicios | C12: 3 | D12: Aquí
A13: HorarioBarbero | B13: Representa el día de la semana en que trabaja un barbero, junto con la hora en la que empieza y termina su jornada | C13: 3 | D13: Aquí
A14: Agenda | B14: Representa un día puntual del calendario en el que un barbero, según su horario de trabajo, va a recibir citas. Es donde se agrupan todas las citas de ese barbero para ese día | C14: 4 | D14: Aquí
... A17: Multa | B17: Representa la sanción económica que se le impone a un cliente por incumplir una cita, ya sea por llegar tarde fuera de tolerancia o por no presentarse, calculada a partir de la cita específica que la originó | C17: 6 | D17: Aquí

Sheet M-DiaSemana
A1: <<<< Ir al modulo de dominio | B1: <<<< Ir a objetos de dominio
A2: Representa un identificador que hará unico cada objeto de dominio de este tipo, no se puede repetir | B2: Representa como se llama el dia de la semana, para los horarios | C2: Combinacion única que indica que no puede existir más un dia de la semana con el mismo nombre
A3: id | B3: nombre | C3: Combinación única
A4: 1 | B4: Lunes | C4: =B4 -> Lunes
A5: 2 | B5: Martes | C5: =B5 -> Martes
A6: 3 | B6: Miércoles | C6: =B6 -> Miércoles
A7: 4 | B7: Jueves | C7: =B7 -> Jueves
A8: 5 | B8: Viernes | C8: =B8 -> Viernes
A9: 6 | B9: Sábado | C9: =B9 -> Sábado
A10: 7 | B10: Domingo | C10: =B10 -> Domingo
A11: 8 | B11: Festivo | C11: =B11 -> Festivo
B17: Corresponde a la descripcion de los atributos
B18: Corresponde al identificador unico del objeto de dominio
B19: Corresponde a los datos de tipo alfanumerico
B20: Corresponde a la combinacion única

Sheet M-Estado
A1: <<<< Ir al modulo de dominio | B1: <<<< Ir a objetos de dominio
A2: Representa un identificador que hará unico cada objeto de dominio de este tipo, no se puede repetir | B2: Representa como se llama el estado en el que se encuentra una cita puntual | C2: Representa el significado de que representa cada estado para la cita | D2: Combinacion única que indica que no puede existir más un dia de la semana con el mismo nombre
A3: id | B3: nombre | C3: descripcion | D3: Combinación única
A4: 1 | B4: Agendada | C4: La cita quedó registrada en la agenda del barbero y está a la espera de la fecha y hora acordadas. | D4: =B4 -> Agendada
A5: 2 | B5: Finalizada | C5: El barbero atendió al cliente y el servicio contratado se prestó por completo. | D5: =B5 -> Finalizada
A6: 3 | B6: Cancelada por el cliente | C6: El cliente decidió no asistir y anuló la cita antes de la fecha y hora programada. | D6: =B6 -> Cancelada por el cliente
A7: 4 | B7: Cancelada por el barbero | C7: El barbero anuló la cita antes de la fecha y hora programada, por ejemplo por una eventualidad. | D7: =B7 -> Cancelada por el barbero
A8: 5 | B8: El cliente se demoro | C8: El cliente llegó después de la hora acordada superando la toleranciaTardanzaCliente definida en Regla, lo que genera una multa. | D8: =B8 -> El cliente se demoro
A9: 6 | B9: El barbero se demoro | C9: El barbero se demoró más de lo previsto en una cita anterior y no pudo atender al cliente a la hora acordada, dándole un descuento en compensación según Regla. | D9: =B9 -> El barbero se demoro
A10: 7 | B10: Inasistencia | C10: El cliente nunca llegó a la cita: se alcanzó la hora estimada de finalización sin registrar su llegada, lo que genera una multa por el valor total de los servicios pedidos. | D10: =B10 -> Inasistencia
B16: Corresponde a la descripcion de los atributos
B17: Corresponde al identificador unico del objeto de dominio
B18: Corresponde a los datos de tipo alfanumerico
B19: Corresponde a la combinacion única

Sheet M-Servicio
A1: <<<< Ir al modulo de dominio | B1: <<<< Ir a objetos de dominio
A2: Representa un identificador que hará unico cada objeto de dominio de este tipo, no se puede repetir | B2: Representa el nombre del servicio que va estar en la barberia, para que el barbero elija los servicios que el sabe hacer | C2: Representa una descripcion de que va a hacer cada servicio en la barberia, para que el barbero sepa que hace el servicio | D2: Representa cuanto va a valer el servicio en pesos colombianos | E2: Representa si el servicio sigue o no disponible en la barberia | F2: Combinacion única que indica que no puede existir más de un servicio con el mismo nombre
A3: id | B3: nombre | C3: descripcion | D3: precio | E3: disponible | F3: Combinacion única
A4: 1 | B4: Motilada | C4: Corte de cabello completo con máquina y tijera, incluye lavado y secado | D4: 22000 | E4: si | F4: =B4 -> Motilada
A5: 2 | B5: Corte de barba | C5: Recorte de la barba con máquina para dejarla pareja y a la medida que pide el cliente | D5: 12000 | E5: si | F5: =B5 -> Corte de barba
A6: 3 | B6: Perfilada de barba | C6: Delineado de los bordes de la barba y el bigote con navaja, sin recortar el largo | D6: 15000 | E6: si | F6: =B6 -> Perfilada de barba
A7: 4 | B7: Arreglo completo de barba con toalla caliente | C7: Recorte, perfilado con navaja, toalla caliente, exfoliación y aceite para la barba | D7: 35000 | E7: si | F7: =B7 -> Arreglo completo de barba con toalla caliente
B13: Corresponde a la descripcion de los atributos
B14: Corresponde al identificador unico del objeto de dominio
B15: Corresponde a los datos de referencia de otros objetos de dominio
B16: Corresponde a los datos de tipo alfanumerico
B17: Corresponde a los datos de tipo entero
B18: Corresponde a los datos de tipo logico
B19: Corresponde a la combinacion única

Sheet M-Regla
A1: <<<< Ir al modulo de dominio | B1: <<<< Ir a objetos de dominio
A2: Representa un identificador que hará unico cada objeto de dominio de este tipo, no se puede repetir | B2: Representa la cantidad de minutos maxima que un cliente puede llegar tarde | C2: Representa la cantidad de dinero que el cliente debe de pagar en pesos colombianos, por superar la toleranciaTardanza | D2: Representa la maxima de multas que pueda tener un cliente sin pagar, a partir de esta cantidad se le hace un veto al cliente | E2: Representa la cantidad de minutos que un barbero puede demorarse en atender a un cliente, en caso de que el barbero se demore mas de lo previsto en su cita anterior | F2: Representa la cantidad cuanto descuento va a tener un cliente en la cita con el barbero, como recompesa por esperar al barbero mas de la tolerancia permitida
A3: id | B3: toleranciaTardanzaCliente | C3: montoMultaTardanzaCliente | D3: numeroMultasMaxima | E3: toleranciaTardanzaBarbero | F3: porcentajeDescuentoCita
A4: 1 | B4: 10 | C4: 10000 | D4: 3 | E4: 15 | F4: 10
B9: Corresponde a la descripcion de los atributos
B10: Corresponde al identificador unico del objeto de dominio
B11: Corresponde a los datos de tipo entero

Sheet M-PrefijoCelular
A1: <<<< Ir al modulo de dominio | B1: <<<< Ir a objetos de dominio
A2: Representa un identificador que hará unico cada objeto de dominio de este tipo, no se puede repetir | B2: Representa el primer nombre del barbero que trabaja en barbería | C2: Combinacion única que indica que no puede existir más un mismo prefijo
A3: id | B3: prefijo | C3: Combinación única
A4: 1 | B4: +57 | C4: =B4 -> +57
A5: 2 | B5: +91 | C5: =B5 -> +91
A6: 3 | B6: +593 | C6: =B6 -> +593
A7: 4 | B7: +58 | C7: =B7 -> +58
B13: Corresponde a la descripcion de los atributos
B14: Corresponde al identificador unico del objeto de dominio
B15: Corresponde a los datos de tipo alfanumerico
B16: Corresponde a la combinacion única

Sheet M-TipoMulta
A1: <<<< Ir al modulo de dominio | B1: <<<< Ir a objetos de dominio
A2: Representa un identificador que hará unico cada objeto de dominio de este tipo, no se puede repetir | B2: Representa el nombre del tipo de multa | C2: Representa que hace cada tipo de multa | D2: Combinación única indica que no puede existir más de un tipo de multa con el mismo nombre
A3: id | B3: nombre | C3: descripcion | D3: Combinación única
A4: 1 | B4: Tardanza | C4: El cliente llegó a la cita después de la hora acordada, superando los minutos de toleranciaTardanzaCliente definidos en Regla. | D4: =B4 -> Tardanza
A5: 2 | B5: Inasistencia | C5: El cliente no se presentó a la cita agendada: se llegó a la hora estimada de finalización sin que hubiera registrado su llegada. | D5: =B5 -> Inasistencia
B11: Corresponde a la descripcion de los atributos
B12: Corresponde al identificador unico del objeto de dominio
B13: Corresponde a los datos de tipo texto
B14: Corresponde a los datos de tipo alfanumerico
B15: Corresponde a la combinacion única

Sheet M-Barbero
A1: <<<< Ir al modulo de dominio | B1: <<<< Ir a objetos de dominio
A2: Representa un identificador que hará unico cada objeto de dominio de este tipo, no se puede repetir | B2: Representa el primer nombre del barbero que trabaja en barbería | C2: Representa el segundo nombre del barbero que trabaja en barbería | D2: Representa el primer apellido del barbero que trabaja en la barbería | E2: Representa el segundo apellido del barbero que trabaja en la barbería | F2: Representa cual es el prefijo del numero de celular del barbero | G2: Representa el número de celular del barbero, es el dato que el cliente necesita en caso de que tenga que contactarse con el | H2: Representa el correo electronico del barbero, con el que se va a registrar o iniciar seción | I2: Representa la contraseña encriptada del barbero | J2: Representa si el barbero sigue o no trabajando. Es un dato calculado, si el barbero tiene en su agenda un horario de trabajo si es vigente y si no tiene horario de trabajo dice no es vigente | K2: Combinacion única que indica que no puede existir más de un barbero con el mismo prefijo de celular y número de celular | L2: Combinacion única que indica que no puede existir más de un barbero con el correro electronico
A3: id | B3: primerNombre | C3: segundoNombre | D3: primerApellido | E3: segundoApellido | F3: prefijo | G3: celular | H3: correo | I3: contraseña | J3: vigente | K3: Combinación única 1 | L3: Combinación única 2
A4: 1 | B4: Juan | C4: Fernando | D4: García | E4: Lopez | F4: ='M-PrefijoCelular'!C4 -> +57 | G4: 3245627890 | H4: juanfer234535@gmail.com | I4: $2b$12$Ce2ZsSJaOpx4iq5W.LNrCuvonh1fxNgpYYqBddeR50IjtYsh9n97C | J4: si | K4: =_xlfn.CONCAT(F4,"-",G4) -> +57-3245627890 | L4: =H4 -> juanfer234535@gmail.com
A5: 2 | B5: Juan | C5: David | D5: Ortiz | E5: Sanchez | F5: ='M-PrefijoCelular'!C4 -> +57 | G5: 3124518923 | H5: juandaviddd2525@gmail.com | I5: $2b$12$4dn1n10vtv3SpDX5ryR2FOluaaros/pqDXz8liKcEp/7JG7TBvqAK | J5: si | K5: =_xlfn.CONCAT(F5,"-",G5) -> +57-3124518923 | L5: =H5 -> juandaviddd2525@gmail.com
A6: 3 | B6: Carlos | D6: Arbeladez | F6: ='M-PrefijoCelular'!C4 -> +57 | G6: 3214533321 | H6: carlosbeladez@gmail.com | I6: $2b$12$htWWNCh.2QPjVycBmNb5ROHBO21L9p7hlWyFtctUtP4SbV3yBNqei | J6: si | K6: =_xlfn.CONCAT(F6,"-",G6) -> +57-3214533321 | L6: =H6 -> carlosbeladez@gmail.com
A7: 4 | B7: Andres | D7: Ramirez | E7: Patiño | F7: ='M-PrefijoCelular'!C5 -> +91 | G7: 9876543210 | H7: andresramirezpatino123@gmail.com | I7: $2b$12$IzNJVnlQl1UX5Py84yi5jOE1yuEdUrA.0Okt.BidVKs8biBdotH7W | J7: no | K7: =_xlfn.CONCAT(F7,"-",G7) -> +91-9876543210 | L7: =H7 -> andresramirezpatino123@gmail.com
A8: 5 | B8: Juan | C8: Carlos | D8: Zambrano | E8: Perez | F8: ='M-PrefijoCelular'!C6 -> +593 | G8: 998765432 | H8: juancarloszambrano4394@gmail.com | I8: $2b$12$mlxS0WUooP1stXSQdVR8EeBoYrgBrP5czZRqSvIgvelxUIGcwFgh. | J8: no | K8: =_xlfn.CONCAT(F8,"-",G8) -> +593-998765432 | L8: =H8 -> juancarloszambrano4394@gmail.com
B14: Corresponde a la descripcion de los atributos
B15: Corresponde al identificador unico del objeto de dominio
B16: Corresponde a los datos de tipo alfanumerico
B17: Corresponde a referencias de objetos de dominio
B18: Corresponde a los datos calculados por el sistema
B19: Corresponde a la combinacion única 1
B20: Corresponde a la combinacion única 2

Sheet M-Cliente
A1: <<<< Ir al modulo de dominio | B1: <<<< Ir a objetos de dominio
A2: Representa un identificador que hará unico cada objeto de dominio de este tipo, no se puede repetir | B2: Representa el primer nombre de la persona, que va a estar llendo a la barberia para las citas | C2: Representa el segundo nombre de la persona, que va a estar llendo a la barberia para las citas | D2: Representa el primer apellido de la persona, que va a estar llendo a la barberia para las citas | E2: Representa el segundo apellido de la persona, que va a estar llendo a la barberia para las citas | F2: Representa cual es el prefijo del numero de celular del cliente | G2: Representa el numero de celular del cliente, es el dato que el barbero necesita en caso de que tenga que contactarse con el | H2: Representa el correo electronico del cliente, con el que se va a registrar o iniciar sesión en la aplicación para pedir sus citas | I2: Representa la contraseña encriptada del cliente | J2: Representa la cantidad de multas que tiene sin pagar en las citas que ha tenido, ya sea multa por tardanza o por no llegar | K2: Representa si el cliente esta en estado de veto o no, cuando el cliente esta vetado el sistema no va a permitir agendar citas con este cliente con ningun barbero | L2: Combinacion única que indica que no puede existir más de un cliente con el mismo prefijo de celular y número de celular | M2: Combinacion única que indica que no puede existir más de un cliente con el mismo correo electronico
A3: id | B3: primerNombre | C3: segundoNombre | D3: primerApellido | E3: segundoApellido | F3: prefijoCelular | G3: celular | H3: correo | I3: contraseña | J3: multasSinPagar | K3: estaVetado | L3: Combinación única 1 | M3: Combinación única 2
A4: 1 | B4: Juan | D4: Gómez | F4: ='M-PrefijoCelular'!C4 -> +57 | G4: 3234528921 | H4: juangomez.cliente99@gmail.com | I4: $2b$12$Qp1m8x9dGZ4L7Nk2VwErSuTfHjY6bXcA0oPdRlMnQsWzTuVxYz12a | J4: 0 | K4: no | L4: =_xlfn.CONCAT(F4,"-",G4) -> +57-3234528921 | M4: =H4 -> juangomez.cliente99@gmail.com
A5: 2 | B5: Jose | C5: Miguel | D5: Ramirez | E5: Perez | F5: ='M-PrefijoCelular'!C4 -> +57 | G5: 3161657782 | H5: josemiguelramirez22@gmail.com | I5: $2b$12$Kd7f2h9sJmQwXpL4RtYcNe0BvOaGjHkLmZsUvWxYqTdRpNoMkLj34b | J5: 0 | K5: no | L5: =_xlfn.CONCAT(F5,"-",G5) -> +57-3161657782 | M5: =H5 -> josemiguelramirez22@gmail.com
A6: 3 | B6: Simon | D6: Ochoa | E6: Ramirez | F6: ='M-PrefijoCelular'!C4 -> +57 | G6: 3119884321 | H6: simonochoa14@hotmail.com | I6: $2b$12$Nx8v3g1sTmWzYpQ7RkLcAe6BjHfDoGqUvXsMwRtYzNpLdKoJmIh56c | J6: 0 | K6: no | L6: =_xlfn.CONCAT(F6,"-",G6) -> +57-3119884321 | M6: =H6 -> simonochoa14@hotmail.com
A7: 4 | B7: Alexis | D7: Gallego | F7: ='M-PrefijoCelular'!C7 -> +58 | G7: 4127359182 | H7: alexisgallego88@gmail.com | I7: $2b$12$Fj4h8m2wPzXvQlKt5RyNeCa9BdGoHrUiSxMwLpTzNqRdKoJvIh78d | J7: 1 | K7: no | L7: =_xlfn.CONCAT(F7,"-",G7) -> +58-4127359182 | M7: =H7 -> alexisgallego88@gmail.com
A8: 5 | B8: Kevin | C8: Andrés | D8: Muñoz | E8: Salazar | F8: ='M-PrefijoCelular'!C4 -> +57 | G8: 3005544332 | H8: kevinmunozsalazar05@gmail.com | I8: $2b$12$Rm9v6h3wSzXbQoKt2RyMeFa1BdCoHnUjLxPwEpTzYqNrKsJvGh90e | J8: 3 | K8: si | L8: =_xlfn.CONCAT(F8,"-",G8) -> +57-3005544332 | M8: =H8 -> kevinmunozsalazar05@gmail.com
B14: Corresponde a la descripcion de los atributos
B15: Corresponde al identificador unico del objeto de dominio
B16: Corresponde a los datos de tipo alfanumerico
B17: Corresponde a referencias de objetos de dominio
B18: Corresponde a los datos calculados por el sistema
B19: Corresponde a la combinacion única
B20: Corresponde a la combinacion única 2

Sheet M-HorarioBarberia
A1: <<<< Ir al modulo de dominio | B1: <<<< Ir a objetos de dominio
A2: Representa un identificador que hará unico cada objeto de dominio de este tipo, no se puede repetir | B2: Representa el día de la semana en el que la barberia abre | C2: Representa la hora a la que abre la barbería | D2: Representa la hora a la que cierra la barbería | E2: Combinacion única que indica que no puede existir más de un horario con la misma barberia, dia de la semana, hora de apertura y cierre
A3: id | B3: diaDeLaSemana | C3: horaApertura | D3: horaCierre | E3: Combinación única
A4: 1 | B4: ='M-DiaSemana'!C4 -> Lunes | C4: 0.375 | D4: 0.79166667 | E4: =_xlfn.CONCAT(B4,"-",TEXT(C4,"hh:mm"),"-",TEXT(D4,"hh:mm")) -> Lunes-09:00-19:00
A5: 2 | B5: ='M-DiaSemana'!C5 -> Martes | C5: 0.375 | D5: 0.79166667 | E5: =_xlfn.CONCAT(B5,"-",TEXT(C5,"hh:mm"),"-",TEXT(D5,"hh:mm")) -> Martes-09:00-19:00
A6: 3 | B6: ='M-DiaSemana'!C6 -> Miércoles | C6: 0.375 | D6: 0.79166667 | E6: =_xlfn.CONCAT(B6,"-",TEXT(C6,"hh:mm"),"-",TEXT(D6,"hh:mm")) -> Miércoles-09:00-19:00
A7: 4 | B7: ='M-DiaSemana'!C7 -> Jueves | C7: 0.375 | D7: 0.79166667 | E7: =_xlfn.CONCAT(B7,"-",TEXT(C7,"hh:mm"),"-",TEXT(D7,"hh:mm")) -> Jueves-09:00-19:00
A8: 5 | B8: ='M-DiaSemana'!C8 -> Viernes | C8: 0.375 | D8: 0.79166667 | E8: =_xlfn.CONCAT(B8,"-",TEXT(C8,"hh:mm"),"-",TEXT(D8,"hh:mm")) -> Viernes-09:00-19:00
A9: 6 | B9: ='M-DiaSemana'!C9 -> Sábado | C9: 0.33333333 | D9: 0.875 | E9: =_xlfn.CONCAT(B9,"-",TEXT(C9,"hh:mm"),"-",TEXT(D9,"hh:mm")) -> Sábado-08:00-21:00
A10: 7 | B10: ='M-DiaSemana'!C11 -> Festivo | C10: 0.41666667 | D10: 0.625 | E10: =_xlfn.CONCAT(B10,"-",TEXT(C10,"hh:mm"),"-",TEXT(D10,"hh:mm")) -> Festivo-10:00-15:00
B16: Corresponde a la descripcion de los atributos
B17: Corresponde al identificador unico del objeto de dominio
B18: Corresponde a referencias de objetos de dominio
B19: Corresponde a los datos de tipo hora
B20: Corresponde a la combinacion única

Sheet M-BarberoServicio
A1: <<<< Ir al modulo de dominio | B1: <<<< Ir a objetos de dominio
A2: Representa un identificador que hará unico cada objeto de dominio de este tipo, no se puede repetir | B2: Representa el nombre y apellidos del barbero | C2: Representa el nombre del servicio de la barberia | D2: Representa la cantidad de minutos que un barbero tarda en realizar un servicio, esta duración el barbero debe de ser consiente de cuanto se demora en realizarlo | E2: Representa la cantidad de minutos que un barbero pone de tiempo extra en las citas de su agenda, cada barbero usa este tiempo porque hay ocaciones que la cita se puede demorar más de lo previsto. Este tiempo les ayuda a evitar que se les retrase la agenda | F2: Representa si el barbero sigue o no presentando el servicio en la barbería | G2: Combinación única que indica que un mismo barbero no puede aparecer dos veces ofreciendo el mismo servicio
A3: id | B3: barbero | C3: servicio | D3: duracionServicio | E3: tiempoExtra | F3: vigente | G3: Combinación única
A4: 1 | B4: =_xlfn.CONCAT('M-Barbero'!B4," ",'M-Barbero'!D4) -> Juan García | C4: ='M-Servicio'!B4 -> Motilada | D4: 45 | E4: 15 | F4: si | G4: =_xlfn.CONCAT(B4,"-",C4) -> Juan García-Motilada
A5: 2 | B5: =_xlfn.CONCAT('M-Barbero'!B5," ",'M-Barbero'!D5) -> Juan Ortiz | C5: ='M-Servicio'!B5 -> Corte de barba | D5: 10 | E5: 5 | F5: si | G5: =_xlfn.CONCAT(B5,"-",C5) -> Juan Ortiz-Corte de barba
A6: 3 | B6: =_xlfn.CONCAT('M-Barbero'!B6," ",'M-Barbero'!D6) -> Carlos Arbeladez | C6: ='M-Servicio'!B6 -> Perfilada de barba | D6: 15 | E6: 5 | F6: si | G6: =_xlfn.CONCAT(B6,"-",C6) -> Carlos Arbeladez-Perfilada de barba
A7: 4 | B7: =_xlfn.CONCAT('M-Barbero'!B7," ",'M-Barbero'!D7) -> Andres Ramirez | C7: ='M-Servicio'!B7 -> Arreglo completo de barba con toalla caliente | D7: 40 | E7: 10 | F7: si | G7: =_xlfn.CONCAT(B7,"-",C7) -> Andres Ramirez-Arreglo completo de barba con toalla caliente
A8: 5 | B8: =_xlfn.CONCAT('M-Barbero'!B5," ",'M-Barbero'!D5) -> Juan Ortiz | C8: ='M-Servicio'!B4 -> Motilada | D8: 40 | E8: 10 | F8: si | G8: =_xlfn.CONCAT(B8,"-",C8) -> Juan Ortiz-Motilada
A9: 6 | B9: =_xlfn.CONCAT('M-Barbero'!B6," ",'M-Barbero'!D6) -> Carlos Arbeladez | C9: ='M-Servicio'!B5 -> Corte de barba | D9: 15 | E9: 5 | F9: si | G9: =_xlfn.CONCAT(B9,"-",C9) -> Carlos Arbeladez-Corte de barba
A10: 7 | B10: =_xlfn.CONCAT('M-Barbero'!B4," ",'M-Barbero'!D4) -> Juan García | C10: ='M-Servicio'!B6 -> Perfilada de barba | D10: 20 | E10: 5 | F10: si | G10: =_xlfn.CONCAT(B10,"-",C10) -> Juan García-Perfilada de barba
A11: 8 | B11: =_xlfn.CONCAT('M-Barbero'!B7," ",'M-Barbero'!D7) -> Andres Ramirez | C11: ='M-Servicio'!B4 -> Motilada | D11: 50 | E11: 15 | F11: si | G11: =_xlfn.CONCAT(B11,"-",C11) -> Andres Ramirez-Motilada
A12: 9 | B12: =_xlfn.CONCAT('M-Barbero'!B8," ",'M-Barbero'!D8) -> Juan Zambrano | C12: ='M-Servicio'!B5 -> Corte de barba | D12: 12 | E12: 5 | F12: si | G12: =_xlfn.CONCAT(B12,"-",C12) -> Juan Zambrano-Corte de barba
B18: Corresponde a la descripcion de los atributos
B19: Corresponde al identificador unico del objeto de dominio
B20: Corresponde a referencias de objetos de dominio
B21: Corresponde a los datos de tipo hora
B22: Corresponde a la combinacion única

Sheet M-HorarioBarbero
A1: <<<< Ir al modulo de dominio | B1: <<<< Ir a objetos de dominio
A2: Representa un identificador que hará unico cada objeto de dominio de este tipo, no se puede repetir | B2: Referencia a que barbero va a ser dueño de este horario, que es su horario de trabajo | C2: Representa el horario en que debe de estar dentro este horario de barbero, este indica cuando y aque horas estara abierta la barberia | D2: Representa la hora en la que el barbero empieza a estar disponible ese dia | E2: Representa la hora en la que el barbero deja de estar disponible ese día, junto con horaInicio, es lo que la aplicación usa para saber si hay campo para agendar una cita nueva. | F2: Representa la fecha en el que el barbero creo esta agenda. Es un dato calculado que toma la fecha de hoy cuando el barbero crea la agenda | G2: Representa la fecha en el que el barbero decidio que ya no va a trabaja más en este horario. Es un dato calculo que toma la fecha de hoy cuando el barbero dice que ya no es vigente | H2: Representa si este horario lo sigue o no usando el barbero. Una vez que el barbero cambie este estado a no vigente, no se puede volver a cambiar | I2: Combinación única que indica que un mismo barbero no puede tener dos horarios exactamente con el mismo día, hora de inicio y hora final. Un barbero sí puede tener varios horarios a lo largo del tiempo (por ejemplo cuando cambia de horario y el anterior queda no vigente)
A3: id | B3: barbero | C3: horarioDeLaBarberia | D3: horaInicio | E3: horaFinal | F3: fechaCreacion | G3: fechaDesactivacion | H3: vigente | I3: Combinación única
A4: 1 | B4: ='M-Barbero'!K4 -> +57-3245627890 | C4: ='M-HorarioBarberia'!E4 -> Lunes-09:00-19:00 | D4: 0.41666667 | E4: 0.66666667 | F4: 45780 | G4: 1/01/1000 | H4: si | I4: =_xlfn.CONCAT(B4,"-",C4,"-",TEXT(D4,"hh:mm"),"-",TEXT(E4,"hh:mm")) -> +57-3245627890-Lunes-09:00-19:00-10:00-16:00
A5: 2 | B5: ='M-Barbero'!K5 -> +57-3124518923 | C5: ='M-HorarioBarberia'!E5 -> Martes-09:00-19:00 | D5: 0.375 | E5: 0.625 | F5: 45718 | G5: 1/01/1000 | H5: si | I5: =_xlfn.CONCAT(B5,"-",C5,"-",TEXT(D5,"hh:mm"),"-",TEXT(E5,"hh:mm")) -> +57-3124518923-Martes-09:00-19:00-09:00-15:00
A6: 3 | B6: ='M-Barbero'!K6 -> +57-3214533321 | C6: ='M-HorarioBarberia'!E7 -> Jueves-09:00-19:00 | D6: 0.54166667 | E6: 0.79166667 | F6: 44917 | G6: 1/01/1000 | H6: si | I6: =_xlfn.CONCAT(B6,"-",C6,"-",TEXT(D6,"hh:mm"),"-",TEXT(E6,"hh:mm")) -> +57-3214533321-Jueves-09:00-19:00-13:00-19:00
A7: 4 | B7: ='M-Barbero'!K7 -> +91-9876543210 | C7: ='M-HorarioBarberia'!E9 -> Sábado-08:00-21:00 | D7: 0.33333333 | E7: 0.58333333 | F7: 45915 | G7: 46023 | H7: no | I7: =_xlfn.CONCAT(B7,"-",C7,"-",TEXT(D7,"hh:mm"),"-",TEXT(E7,"hh:mm")) -> +91-9876543210-Sábado-08:00-21:00-08:00-14:00
A8: 5 | B8: ='M-Barbero'!K7 -> +91-9876543210 | C8: ='M-HorarioBarberia'!E10 -> Festivo-10:00-15:00 | D8: 0.5 | E8: 0.625 | F8: 46054 | G8: 46083 | H8: no | I8: =_xlfn.CONCAT(B8,"-",C8,"-",TEXT(D8,"hh:mm"),"-",TEXT(E8,"hh:mm")) -> +91-9876543210-Festivo-10:00-15:00-12:00-15:00
B14: Corresponde a la descripcion de los atributos
B15: Corresponde al identificador unico del objeto de dominio
B16: Corresponde a referencias de objetos de dominio
B17: Corresponde a los datos de tipo alfanumerico
B18: Corresponde a los datos de tipo hora
B19: Corresponde a los datos calculados
B20: Corresponde a los datos tipo logico
B21: Corresponde a la combinacion única

Sheet M-Agenda
A1: <<<< Ir al modulo de dominio | B1: <<<< Ir a objetos de dominio
A2: Representa un identificador que hará unico cada objeto de dominio de este tipo, no se puede repetir | B2: Hace referencia al horario de trabajo del barbero (día de la semana, hora de inicio y hora final) al que pertenece esta agenda | C2: Representa el día específico del calendario en el que esta agenda va a guardar las citas de ese barbero. Su valor por defecto es 01/01/1000 y no está permitido | D2: Combinación única que indica que un mismo horario de barbero no puede tener más de una agenda para el mismo día
A3: id | B3: horarioDelBarbero | C3: fecha | D3: Combinación única
A4: 1 | B4: ='M-HorarioBarbero'!I4 -> +57-3245627890-Lunes-09:00-19:00-10:00-16:00 | C4: 46265 | D4: =_xlfn.CONCAT(B4,"-",TEXT(C4,"dd/mm/yyyy")) -> +57-3245627890-Lunes-09:00-19:00-10:00-16:00-31/08/2026
A5: 2 | B5: ='M-HorarioBarbero'!I5 -> +57-3124518923-Martes-09:00-19:00-09:00-15:00 | C5: 46091 | D5: =_xlfn.CONCAT(B5,"-",TEXT(C5,"dd/mm/yyyy")) -> +57-3124518923-Martes-09:00-19:00-09:00-15:00-10/03/2026
A6: 3 | B6: ='M-HorarioBarbero'!I6 -> +57-3214533321-Jueves-09:00-19:00-13:00-19:00 | C6: 46156 | D6: =_xlfn.CONCAT(B6,"-",TEXT(C6,"dd/mm/yyyy")) -> +57-3214533321-Jueves-09:00-19:00-13:00-19:00-14/05/2026
A7: 4 | B7: ='M-HorarioBarbero'!I8 -> +91-9876543210-Festivo-10:00-15:00-12:00-15:00 | C7: 46073 | D7: =_xlfn.CONCAT(B7,"-",TEXT(C7,"dd/mm/yyyy")) -> +91-9876543210-Festivo-10:00-15:00-12:00-15:00-20/02/2026
A8: 5 | B8: ='M-HorarioBarbero'!I7 -> +91-9876543210-Sábado-08:00-21:00-08:00-14:00 | C8: 45983 | D8: =_xlfn.CONCAT(B8,"-",TEXT(C8,"dd/mm/yyyy")) -> +91-9876543210-Sábado-08:00-21:00-08:00-14:00-22/11/2025
A9: 6 | B9: ='M-HorarioBarbero'!I6 -> +57-3214533321-Jueves-09:00-19:00-13:00-19:00 | C9: 46240 | D9: =_xlfn.CONCAT(B9,"-",TEXT(C9,"dd/mm/yyyy")) -> +57-3214533321-Jueves-09:00-19:00-13:00-19:00-06/08/2026
A10: 7 | B10: ='M-HorarioBarbero'!I4 -> +57-3245627890-Lunes-09:00-19:00-10:00-16:00 | C10: 46174 | D10: =_xlfn.CONCAT(B10,"-",TEXT(C10,"dd/mm/yyyy")) -> +57-3245627890-Lunes-09:00-19:00-10:00-16:00-01/06/2026
A11: 8 | B11: ='M-HorarioBarbero'!I5 -> +57-3124518923-Martes-09:00-19:00-09:00-15:00 | C11: 46189 | D11: =_xlfn.CONCAT(B11,"-",TEXT(C11,"dd/mm/yyyy")) -> +57-3124518923-Martes-09:00-19:00-09:00-15:00-16/06/2026
A12: 9 | B12: ='M-HorarioBarbero'!I6 -> +57-3214533321-Jueves-09:00-19:00-13:00-19:00 | C12: 46205 | D12: =_xlfn.CONCAT(B12,"-",TEXT(C12,"dd/mm/yyyy")) -> +57-3214533321-Jueves-09:00-19:00-13:00-19:00-02/07/2026
B15: Corresponde a la descripcion de los atributos
B16: Corresponde al identificador unico del objeto de dominio
B17: Corresponde a referencias de objetos de dominio
B18: Corresponde a los datos de tipo fecha
B19: Corresponde a la combinacion única

Sheet M-Cita
A1: <<<< Ir al modulo de dominio | B1: <<<< Ir a objetos de dominio
A2: Representa un identificador que hará unico cada objeto de dominio de este tipo, no se puede repetir | B2: Representa a cuál cliente le pertenece esta cita | C2: Referencia en cual agenda va a estar esta cita | D2: Hace referencia a la Regla vigente de la barbería en el momento de agendar; de ahí salen las tolerancias, el monto de multa fija y el porcentaje de descuento que aplican a esta cita | E2: Representa en qué estado se encuentra esta cita puntual: agendada, finalizada, cancelada, con tardanza del cliente o del barbero, o inasistencia | F2: Representa la hora en la que se va a realizar la cita al cliente | G2: Representa la hora en la que se espera que termine la cita, sumando horaInicio más la duración total de los servicios pedidos. Es un dato calculado | H2: Representa la hora real en la que el cliente llegó a la barbería para esta cita. Su valor por defecto es 00:00 y es permitido: significa que el cliente aún no ha llegado | I2: Representa la hora real en la que el barbero empezó a atender al cliente. Su valor por defecto es 00:00 y es permitido: significa que la atención aún no ha comenzado | J2: Representa la hora real en la que el barbero terminó de atender al cliente. Su valor por defecto es 00:00 y es permitido: significa que la atención aún no ha terminado | K2: Representa la cantidad total de minutos que va a durar la cita, sumando la duración de cada servicio pedido más el tiempo extra de cada uno. Es un dato calculado | L2: Representa cuántos minutos después de horaInicio llegó el cliente. Si llegó a tiempo o aún no ha llegado su valor es 0. Es un dato calculado | M2: Representa cuántos minutos después de la llegada del cliente empezó el barbero a atenderlo. Si no hubo demora su valor es 0. Es un dato calculado | N2: Representa el porcentaje de descuento aplicado al cliente en esta cita, cuando minutosDemoraBarbero supera la toleranciaTardanzaBarbero de Regla. Su valor por defecto es 0 y es permitido. Es un dato auto generado: copia de Regla.porcentajeDescuentoCita | O2: Representa cuánto debe pagar el cliente por los servicios de esta cita: la suma de los precios de sus CitaServicio, menos el descuento si aplicó. Es un dato calculado | P2: Combinación única que indica que una misma agenda no puede tener dos citas que empiecen a la misma hora
A3: id | B3: cliente | C3: agenda | D3: regla | E3: estado | F3: horaInicio | G3: horaFinEstimada | H3: horaLlegadaCliente | I3: horaInicioAtencion | J3: horaFinAtencion | K3: duracion | L3: minutosTardanzaCliente | M3: minutosDemoraBarbero | N3: porcentajeDescuentoAplicado | O3: precioFinal | P3: Combinación única
A4: 1 | B4: =_xlfn.CONCAT('M-Cliente'!B4," ",'M-Cliente'!C4," ", 'M-Cliente'!D4," ",'M-Cliente'!E4) -> Juan Gómez | C4: ='M-Agenda'!D4 -> +57-3245627890-Lunes-09:00-19:00-10:00-16:00-31/08/2026 | D4: ='M-Regla'!A4 -> 1 | E4: ='M-Estado'!D4 -> Agendada | F4: 0.41666667 | G4: =F4+TIME(0,K4,0) -> 0.45833333 | H4: 0 | I4: 0 | J4: 0 | K4: =SUMIF('M-CitaServicio'!$B$4:$B$14,P4,'M-CitaServicio'!$E$4:$E$14)+SUMIF('M-CitaServicio'!$B$4:$B$14,P4,'M-CitaServicio'!$F$4:$F$14) -> 60 | L4: =IF(H4=TIME(0,0,0),0,MAX(0,(H4-F4)*1440)) -> 0 | M4: =IF(I4=TIME(0,0,0),0,MAX(0,(I4-MAX(H4,F4))*1440)) -> 0 | N4: 0 | O4: =SUMIF('M-CitaServicio'!$B$4:$B$14,P4,'M-CitaServicio'!$D$4:$D$14)*(1-N4/100) -> 22000 | P4: =_xlfn.CONCAT(C4,"-",TEXT(F4,"hh:mm")) -> +57-3245627890-Lunes-09:00-19:00-10:00-16:00-31/08/2026-10:00
A5: 2 | B5: =_xlfn.CONCAT('M-Cliente'!B5," ",'M-Cliente'!C5," ", 'M-Cliente'!D5," ",'M-Cliente'!E5) -> Jose Miguel Ramirez Perez | C5: ='M-Agenda'!D5 -> +57-3124518923-Martes-09:00-19:00-09:00-15:00-10/03/2026 | D5: ='M-Regla'!A4 -> 1 | E5: ='M-Estado'!D5 -> Finalizada | F5: 0.39583333 | G5: =F5+TIME(0,K5,0) -> 0.40625 | H5: 0.39444444 | I5: 0.39583333 | J5: 0.40625 | K5: =SUMIF('M-CitaServicio'!$B$4:$B$14,P5,'M-CitaServicio'!$E$4:$E$14)+SUMIF('M-CitaServicio'!$B$4:$B$14,P5,'M-CitaServicio'!$F$4:$F$14) -> 15 | L5: =IF(H5=TIME(0,0,0),0,MAX(0,(H5-F5)*1440)) -> 0 | M5: =IF(I5=TIME(0,0,0),0,MAX(0,(I5-MAX(H5,F5))*1440)) -> 0 | N5: 0 | O5: =SUMIF('M-CitaServicio'!$B$4:$B$14,P5,'M-CitaServicio'!$D$4:$D$14)*(1-N5/100) -> 12000 | P5: =_xlfn.CONCAT(C5,"-",TEXT(F5,"hh:mm")) -> +57-3124518923-Martes-09:00-19:00-09:00-15:00-10/03/2026-09:30
A6: 3 | B6: =_xlfn.CONCAT('M-Cliente'!B6," ",'M-Cliente'!C6," ", 'M-Cliente'!D6," ",'M-Cliente'!E6) -> Simon Ochoa Ramirez | C6: ='M-Agenda'!D6 -> +57-3214533321-Jueves-09:00-19:00-13:00-19:00-14/05/2026 | D6: ='M-Regla'!A4 -> 1 | E6: ='M-Estado'!D8 -> El cliente se demoro | F6: 0.54166667 | G6: =F6+TIME(0,K6,0) -> 0.55555556 | H6: 0.55208333 | I6: 0.55208333 | J6: 0.56597222 | K6: =SUMIF('M-CitaServicio'!$B$4:$B$14,P6,'M-CitaServicio'!$E$4:$E$14)+SUMIF('M-CitaServicio'!$B$4:$B$14,P6,'M-CitaServicio'!$F$4:$F$14) -> 20 | L6: =IF(H6=TIME(0,0,0),0,MAX(0,(H6-F6)*1440)) -> 15 | M6: =IF(I6=TIME(0,0,0),0,MAX(0,(I6-MAX(H6,F6))*1440)) -> 0 | N6: 0 | O6: =SUMIF('M-CitaServicio'!$B$4:$B$14,P6,'M-CitaServicio'!$D$4:$D$14)*(1-N6/100) -> 15000 | P6: =_xlfn.CONCAT(C6,"-",TEXT(F6,"hh:mm")) -> +57-3214533321-Jueves-09:00-19:00-13:00-19:00-14/05/2026-13:00
A7: 4 | B7: =_xlfn.CONCAT('M-Cliente'!B7," ",'M-Cliente'!C7," ", 'M-Cliente'!D7," ",'M-Cliente'!E7) -> Alexis Gallego | C7: ='M-Agenda'!D8 -> +91-9876543210-Sábado-08:00-21:00-08:00-14:00-22/11/2025 | D7: ='M-Regla'!A4 -> 1 | E7: ='M-Estado'!D10 -> Inasistencia | F7: 0.54166667 | G7: =F7+TIME(0,K7,0) -> 0.57638889 | H7: 0 | I7: 0 | J7: 0 | K7: =SUMIF('M-CitaServicio'!$B$4:$B$14,P7,'M-CitaServicio'!$E$4:$E$14)+SUMIF('M-CitaServicio'!$B$4:$B$14,P7,'M-CitaServicio'!$F$4:$F$14) -> 50 | L7: =IF(H7=TIME(0,0,0),0,MAX(0,(H7-F7)*1440)) -> 0 | M7: =IF(I7=TIME(0,0,0),0,MAX(0,(I7-MAX(H7,F7))*1440)) -> 0 | N7: 0 | O7: =SUMIF('M-CitaServicio'!$B$4:$B$14,P7,'M-CitaServicio'!$D$4:$D$14)*(1-N7/100) -> 35000 | P7: =_xlfn.CONCAT(C7,"-",TEXT(F7,"hh:mm")) -> +91-9876543210-Sábado-08:00-21:00-08:00-14:00-22/11/2025-13:00
A8: 5 | B8: =_xlfn.CONCAT('M-Cliente'!B7," ",'M-Cliente'!C7," ", 'M-Cliente'!D7," ",'M-Cliente'!E7) -> Alexis Gallego | C8: ='M-Agenda'!D9 -> +57-3214533321-Jueves-09:00-19:00-13:00-19:00-06/08/2026 | D8: ='M-Regla'!A4 -> 1 | E8: ='M-Estado'!D9 -> El barbero se demoro | F8: 0.75 | G8: =F8+TIME(0,K8,0) -> 0.76388889 | H8: 0.74861111 | I8: 0.76388889 | J8: 0.77777778 | K8: =SUMIF('M-CitaServicio'!$B$4:$B$14,P8,'M-CitaServicio'!$E$4:$E$14)+SUMIF('M-CitaServicio'!$B$4:$B$14,P8,'M-CitaServicio'!$F$4:$F$14) -> 20 | L8: =IF(H8=TIME(0,0,0),0,MAX(0,(H8-F8)*1440)) -> 0 | M8: =IF(I8=TIME(0,0,0),0,MAX(0,(I8-MAX(H8,F8))*1440)) -> 20 | N8: 10 | O8: =SUMIF('M-CitaServicio'!$B$4:$B$14,P8,'M-CitaServicio'!$D$4:$D$14)*(1-N8/100) -> 10800 | P8: =_xlfn.CONCAT(C8,"-",TEXT(F8,"hh:mm")) -> +57-3214533321-Jueves-09:00-19:00-13:00-19:00-06/08/2026-18:00
A9: 6 | B9: =_xlfn.CONCAT('M-Cliente'!B4," ",'M-Cliente'!C4," ", 'M-Cliente'!D4," ",'M-Cliente'!E4) -> Juan Gómez | C9: ='M-Agenda'!D7 -> +91-9876543210-Festivo-10:00-15:00-12:00-15:00-20/02/2026 | D9: ='M-Regla'!A4 -> 1 | E9: ='M-Estado'!D5 -> Finalizada | F9: 0.58333333 | G9: =F9+TIME(0,K9,0) -> 0.61805556 | H9: 0.58194444 | I9: 0.58333333 | J9: 0.61805556 | K9: =SUMIF('M-CitaServicio'!$B$4:$B$14,P9,'M-CitaServicio'!$E$4:$E$14)+SUMIF('M-CitaServicio'!$B$4:$B$14,P9,'M-CitaServicio'!$F$4:$F$14) -> 50 | L9: =IF(H9=TIME(0,0,0),0,MAX(0,(H9-F9)*1440)) -> 0 | M9: =IF(I9=TIME(0,0,0),0,MAX(0,(I9-MAX(H9,F9))*1440)) -> 0 | N9: 0 | O9: =SUMIF('M-CitaServicio'!$B$4:$B$14,P9,'M-CitaServicio'!$D$4:$D$14)*(1-N9/100) -> 35000 | P9: =_xlfn.CONCAT(C9,"-",TEXT(F9,"hh:mm")) -> +91-9876543210-Festivo-10:00-15:00-12:00-15:00-20/02/2026-14:00
A10: 7 | B10: =_xlfn.CONCAT('M-Cliente'!B8," ",'M-Cliente'!C8," ", 'M-Cliente'!D8," ",'M-Cliente'!E8) -> Kevin Andrés Muñoz Salazar | C10: ='M-Agenda'!D10 -> +57-3245627890-Lunes-09:00-19:00-10:00-16:00-01/06/2026 | D10: ='M-Regla'!A4 -> 1 | E10: ='M-Estado'!D10 -> Inasistencia | F10: 0.41666667 | G10: =F10+TIME(0,K10,0) -> 0.45833333 | H10: 0 | I10: 0 | J10: 0 | K10: =SUMIF('M-CitaServicio'!$B$4:$B$14,P10,'M-CitaServicio'!$E$4:$E$14)+SUMIF('M-CitaServicio'!$B$4:$B$14,P10,'M-CitaServicio'!$F$4:$F$14) -> 60 | L10: =IF(H10=TIME(0,0,0),0,MAX(0,(H10-F10)*1440)) -> 0 | M10: =IF(I10=TIME(0,0,0),0,MAX(0,(I10-MAX(H10,F10))*1440)) -> 0 | N10: 0 | O10: =SUMIF('M-CitaServicio'!$B$4:$B$14,P10,'M-CitaServicio'!$D$4:$D$14)*(1-N10/100) -> 22000 | P10: =_xlfn.CONCAT(C10,"-",TEXT(F10,"hh:mm")) -> +57-3245627890-Lunes-09:00-19:00-10:00-16:00-01/06/2026-10:00
A11: 8 | B11: =_xlfn.CONCAT('M-Cliente'!B8," ",'M-Cliente'!C8," ", 'M-Cliente'!D8," ",'M-Cliente'!E8) -> Kevin Andrés Muñoz Salazar | C11: ='M-Agenda'!D11 -> +57-3124518923-Martes-09:00-19:00-09:00-15:00-16/06/2026 | D11: ='M-Regla'!A4 -> 1 | E11: ='M-Estado'!D10 -> Inasistencia | F11: 0.375 | G11: =F11+TIME(0,K11,0) -> 0.38541667 | H11: 0 | I11: 0 | J11: 0 | K11: =SUMIF('M-CitaServicio'!$B$4:$B$14,P11,'M-CitaServicio'!$E$4:$E$14)+SUMIF('M-CitaServicio'!$B$4:$B$14,P11,'M-CitaServicio'!$F$4:$F$14) -> 15 | L11: =IF(H11=TIME(0,0,0),0,MAX(0,(H11-F11)*1440)) -> 0 | M11: =IF(I11=TIME(0,0,0),0,MAX(0,(I11-MAX(H11,F11))*1440)) -> 0 | N11: 0 | O11: =SUMIF('M-CitaServicio'!$B$4:$B$14,P11,'M-CitaServicio'!$D$4:$D$14)*(1-N11/100) -> 12000 | P11: =_xlfn.CONCAT(C11,"-",TEXT(F11,"hh:mm")) -> +57-3124518923-Martes-09:00-19:00-09:00-15:00-16/06/2026-09:00
A12: 9 | B12: =_xlfn.CONCAT('M-Cliente'!B8," ",'M-Cliente'!C8," ", 'M-Cliente'!D8," ",'M-Cliente'!E8) -> Kevin Andrés Muñoz Salazar | C12: ='M-Agenda'!D12 -> +57-3214533321-Jueves-09:00-19:00-13:00-19:00-02/07/2026 | D12: ='M-Regla'!A4 -> 1 | E12: ='M-Estado'!D10 -> Inasistencia | F12: 0.625 | G12: =F12+TIME(0,K12,0) -> 0.63888889 | H12: 0 | I12: 0 | J12: 0 | K12: =SUMIF('M-CitaServicio'!$B$4:$B$14,P12,'M-CitaServicio'!$E$4:$E$14)+SUMIF('M-CitaServicio'!$B$4:$B$14,P12,'M-CitaServicio'!$F$4:$F$14) -> 20 | L12: =IF(H12=TIME(0,0,0),0,MAX(0,(H12-F12)*1440)) -> 0 | M12: =IF(I12=TIME(0,0,0),0,MAX(0,(I12-MAX(H12,F12))*1440)) -> 0 | N12: 0 | O12: =SUMIF('M-CitaServicio'!$B$4:$B$14,P12,'M-CitaServicio'!$D$4:$D$14)*(1-N12/100) -> 15000 | P12: =_xlfn.CONCAT(C12,"-",TEXT(F12,"hh:mm")) -> +57-3214533321-Jueves-09:00-19:00-13:00-19:00-02/07/2026-15:00
A13: 10 | B13: =_xlfn.CONCAT('M-Cliente'!B5," ",'M-Cliente'!C5," ", 'M-Cliente'!D5," ",'M-Cliente'!E5) -> Jose Miguel Ramirez Perez | C13: ='M-Agenda'!D6 -> +57-3214533321-Jueves-09:00-19:00-13:00-19:00-14/05/2026 | D13: ='M-Regla'!A4 -> 1 | E13: ='M-Estado'!D5 -> Finalizada | F13: 0.5625 | G13: =F13+TIME(0,K13,0) -> 0.59027778 | H13: 0.56111111 | I13: 0.5625 | J13: 0.59027778 | K13: =SUMIF('M-CitaServicio'!$B$4:$B$14,P13,'M-CitaServicio'!$E$4:$E$14)+SUMIF('M-CitaServicio'!$B$4:$B$14,P13,'M-CitaServicio'!$F$4:$F$14) -> 40 | L13: =IF(H13=TIME(0,0,0),0,MAX(0,(H13-F13)*1440)) -> 0 | M13: =IF(I13=TIME(0,0,0),0,MAX(0,(I13-MAX(H13,F13))*1440)) -> 0 | N13: 0 | O13: =SUMIF('M-CitaServicio'!$B$4:$B$14,P13,'M-CitaServicio'!$D$4:$D$14)*(1-N13/100) -> 27000 | P13: =_xlfn.CONCAT(C13,"-",TEXT(F13,"hh:mm")) -> +57-3214533321-Jueves-09:00-19:00-13:00-19:00-14/05/2026-13:30
B15: Corresponde a la descripcion de los atributos
B16: Corresponde al identificador unico del objeto de dominio
B17: Corresponde a referencias de objetos de dominio
B18: Corresponde a los datos de tipo alfanumerico
B19: Corresponde a los datos de tipo hora
B20: Corresponde a la combinacion única

Sheet M-CitaServicio
A1: <<<< Ir al modulo de dominio | B1: <<<< Ir a objetos de dominio
A2: Representa un identificador que hará unico cada objeto de dominio de este tipo, no se puede repetir | B2: Hace referencia a la cita a la que pertenece este servicio pedido | C2: Hace referencia a qué servicio, de qué barbero específico, se pidió en esta cita. No se referencia el Servicio directamente porque un barbero podría no ofrecerlo | D2: Representa el precio que tenía el servicio en el momento en que se agendó esta cita. Es un dato auto generado: copia de Servicio.precio, para que cambios futuros en el precio del catálogo no alteren una cita ya registrada | E2: Representa la duración en minutos que tenía el servicio para ese barbero en el momento en que se agendó esta cita. Es un dato auto generado: copia de BarberoServicio.duracionServicio | F2: Representa el tiempo extra en minutos que ese barbero tenía configurado para este servicio en el momento en que se agendó la cita. Es un dato auto generado: copia de BarberoServicio.tiempoExtra, para que cambios futuros en el tiempo extra no alteren una cita ya registrada | G2: Combinación única que indica que un mismo servicio no se puede pedir dos veces en la misma cita, es decir que CitaServicio no puede tener la misma cita y el barberoServicio
A3: id | B3: cita | C3: barberoServicio | D3: precioServicio | E3: duracionServicio | F3: tiempoExtra | G3: Combinación única
A4: 1 | B4: ='M-Cita'!P4 -> +57-3245627890-Lunes-09:00-19:00-10:00-16:00-31/08/2026-10:00 | C4: ='M-BarberoServicio'!G4 -> Juan García-Motilada | D4: ='M-Servicio'!D4 -> 22000 | E4: ='M-BarberoServicio'!D4 -> 45 | F4: ='M-BarberoServicio'!E4 -> 15 | G4: =_xlfn.CONCAT(B4,"-",C4) -> +57-3245627890-Lunes-09:00-19:00-10:00-16:00-31/08/2026-10:00-Juan García-Motilada
A5: 2 | B5: ='M-Cita'!P5 -> +57-3124518923-Martes-09:00-19:00-09:00-15:00-10/03/2026-09:30 | C5: ='M-BarberoServicio'!G5 -> Juan Ortiz-Corte de barba | D5: ='M-Servicio'!D5 -> 12000 | E5: ='M-BarberoServicio'!D5 -> 10 | F5: ='M-BarberoServicio'!E5 -> 5 | G5: =_xlfn.CONCAT(B5,"-",C5) -> +57-3124518923-Martes-09:00-19:00-09:00-15:00-10/03/2026-09:30-Juan Ortiz-Corte de barba
A6: 3 | B6: ='M-Cita'!P6 -> +57-3214533321-Jueves-09:00-19:00-13:00-19:00-14/05/2026-13:00 | C6: ='M-BarberoServicio'!G6 -> Carlos Arbeladez-Perfilada de barba | D6: ='M-Servicio'!D6 -> 15000 | E6: ='M-BarberoServicio'!D6 -> 15 | F6: ='M-BarberoServicio'!E6 -> 5 | G6: =_xlfn.CONCAT(B6,"-",C6) -> +57-3214533321-Jueves-09:00-19:00-13:00-19:00-14/05/2026-13:00-Carlos Arbeladez-Perfilada de barba
A7: 4 | B7: ='M-Cita'!P7 -> +91-9876543210-Sábado-08:00-21:00-08:00-14:00-22/11/2025-13:00 | C7: ='M-BarberoServicio'!G7 -> Andres Ramirez-Arreglo completo de barba con toalla caliente | D7: ='M-Servicio'!D7 -> 35000 | E7: ='M-BarberoServicio'!D7 -> 40 | F7: ='M-BarberoServicio'!E7 -> 10 | G7: =_xlfn.CONCAT(B7,"-",C7) -> +91-9876543210-Sábado-08:00-21:00-08:00-14:00-22/11/2025-13:00-Andres Ramirez-Arreglo completo de barba con toalla caliente
A8: 5 | B8: ='M-Cita'!P8 -> +57-3214533321-Jueves-09:00-19:00-13:00-19:00-06/08/2026-18:00 | C8: ='M-BarberoServicio'!G9 -> Carlos Arbeladez-Corte de barba | D8: ='M-Servicio'!D5 -> 12000 | E8: ='M-BarberoServicio'!D9 -> 15 | F8: ='M-BarberoServicio'!E9 -> 5 | G8: =_xlfn.CONCAT(B8,"-",C8) -> +57-3214533321-Jueves-09:00-19:00-13:00-19:00-06/08/2026-18:00-Carlos Arbeladez-Corte de barba
A9: 6 | B9: ='M-Cita'!P9 -> +91-9876543210-Festivo-10:00-15:00-12:00-15:00-20/02/2026-14:00 | C9: ='M-BarberoServicio'!G7 -> Andres Ramirez-Arreglo completo de barba con toalla caliente | D9: ='M-Servicio'!D7 -> 35000 | E9: ='M-BarberoServicio'!D7 -> 40 | F9: ='M-BarberoServicio'!E7 -> 10 | G9: =_xlfn.CONCAT(B9,"-",C9) -> +91-9876543210-Festivo-10:00-15:00-12:00-15:00-20/02/2026-14:00-Andres Ramirez-Arreglo completo de barba con toalla caliente
A10: 7 | B10: ='M-Cita'!P10 -> +57-3245627890-Lunes-09:00-19:00-10:00-16:00-01/06/2026-10:00 | C10: ='M-BarberoServicio'!G4 -> Juan García-Motilada | D10: ='M-Servicio'!D4 -> 22000 | E10: ='M-BarberoServicio'!D4 -> 45 | F10: ='M-BarberoServicio'!E4 -> 15 | G10: =_xlfn.CONCAT(B10,"-",C10) -> +57-3245627890-Lunes-09:00-19:00-10:00-16:00-01/06/2026-10:00-Juan García-Motilada
A11: 8 | B11: ='M-Cita'!P11 -> +57-3124518923-Martes-09:00-19:00-09:00-15:00-16/06/2026-09:00 | C11: ='M-BarberoServicio'!G5 -> Juan Ortiz-Corte de barba | D11: ='M-Servicio'!D5 -> 12000 | E11: ='M-BarberoServicio'!D5 -> 10 | F11: ='M-BarberoServicio'!E5 -> 5 | G11: =_xlfn.CONCAT(B11,"-",C11) -> +57-3124518923-Martes-09:00-19:00-09:00-15:00-16/06/2026-09:00-Juan Ortiz-Corte de barba
A12: 9 | B12: ='M-Cita'!P12 -> +57-3214533321-Jueves-09:00-19:00-13:00-19:00-02/07/2026-15:00 | C12: ='M-BarberoServicio'!G6 -> Carlos Arbeladez-Perfilada de barba | D12: ='M-Servicio'!D6 -> 15000 | E12: ='M-BarberoServicio'!D6 -> 15 | F12: ='M-BarberoServicio'!E6 -> 5 | G12: =_xlfn.CONCAT(B12,"-",C12) -> +57-3214533321-Jueves-09:00-19:00-13:00-19:00-02/07/2026-15:00-Carlos Arbeladez-Perfilada de barba
A13: 10 | B13: ='M-Cita'!P13 -> +57-3214533321-Jueves-09:00-19:00-13:00-19:00-14/05/2026-13:30 | C13: ='M-BarberoServicio'!G6 -> Carlos Arbeladez-Perfilada de barba | D13: ='M-Servicio'!D6 -> 15000 | E13: ='M-BarberoServicio'!D6 -> 15 | F13: ='M-BarberoServicio'!E6 -> 5 | G13: =_xlfn.CONCAT(B13,"-",C13) -> +57-3214533321-Jueves-09:00-19:00-13:00-19:00-14/05/2026-13:30-Carlos Arbeladez-Perfilada de barba
A14: 11 | B14: ='M-Cita'!P13 -> +57-3214533321-Jueves-09:00-19:00-13:00-19:00-14/05/2026-13:30 | C14: ='M-BarberoServicio'!G9 -> Carlos Arbeladez-Corte de barba | D14: ='M-Servicio'!D5 -> 12000 | E14: ='M-BarberoServicio'!D9 -> 15 | F14: ='M-BarberoServicio'!E9 -> 5 | G14: =_xlfn.CONCAT(B14,"-",C14) -> +57-3214533321-Jueves-09:00-19:00-13:00-19:00-14/05/2026-13:30-Carlos Arbeladez-Corte de barba
B20: Corresponde a la descripcion de los atributos
B21: Corresponde al identificador unico del objeto de dominio
B22: Corresponde a referencias de objetos de dominio
B23: Corresponde a los datos de tipo entero
B24: Corresponde a la combinacion única

Sheet M-Multa
A1: <<<< Ir al modulo de dominio | B1: <<<< Ir a objetos de dominio
A2: Representa un identificador que hará unico cada objeto de dominio de este tipo, no se puede repetir | B2: Hace referencia a la cita puntual que el cliente incumplió (llegando tarde fuera de la tolerancia o no presentándose), de esa cita es de donde sale el valor de monto si fue el caso de no presentase | C2: Hace referencia al tipo de multa -tardanza o inasistencia- según lo que haya ocurrido con la cita | D2: Representa cuánto dinero en pesos colombianos debe pagar el cliente por esta multa. Es un dato auto generado: si el tipo es Tardanza copia el monto fijo de Regla.montoMultaTardanzaCliente; si el tipo es Inasistencia copia el precioFinal de la Cita incumplida | E2: Representa la hora en la que el sistema generó esta multa: si es por tardanza, en el momento en que el cliente llega superando la tolerancia; si es por inasistencia, en la hora estimada de finalización de la cita sin que el cliente haya llegado. El día es el mismo día de la agenda de la cita que la originó | F2: Representa la fecha y hora en la que el cliente pagó esta multa. Su valor por defecto es 01/01/1000 00:00 y es permitido: significa que la multa sigue sin pagar | G2: Representa si el cliente ya pagó o no esta multa, es el dato que se revisa para decidir si un cliente llega al número de multas sin pagar que activa el veto | H2: Combinación única que indica que una misma cita no puede generar más de una multa
A3: id | B3: cita | C3: tipo | D3: monto | E3: horaGeneracion | F3: fechaHoraPago | G3: pagada | H3: Combinación única
A4: 1 | B4: ='M-Cita'!P6 -> +57-3214533321-Jueves-09:00-19:00-13:00-19:00-14/05/2026-13:00 | C4: ='M-TipoMulta'!D4 -> Tardanza | D4: ='M-Regla'!C4 -> 10000 | E4: ='M-Cita'!H6 -> 0.55208333 | F4: 46233.417 | G4: si | H4: =B4 -> +57-3214533321-Jueves-09:00-19:00-13:00-19:00-14/05/2026-13:00
A5: 2 | B5: ='M-Cita'!P7 -> +91-9876543210-Sábado-08:00-21:00-08:00-14:00-22/11/2025-13:00 | C5: ='M-TipoMulta'!D5 -> Inasistencia | D5: ='M-Cita'!O7 -> 35000 | E5: ='M-Cita'!G7 -> 0.57638889 | F5: 1/01/1000 00:00 | G5: no | H5: =B5 -> +91-9876543210-Sábado-08:00-21:00-08:00-14:00-22/11/2025-13:00
A6: 3 | B6: ='M-Cita'!P10 -> +57-3245627890-Lunes-09:00-19:00-10:00-16:00-01/06/2026-10:00 | C6: ='M-TipoMulta'!D5 -> Inasistencia | D6: ='M-Cita'!O10 -> 22000 | E6: ='M-Cita'!G10 -> 0.45833333 | F6: 1/01/1000 00:00 | G6: no | H6: =B6 -> +57-3245627890-Lunes-09:00-19:00-10:00-16:00-01/06/2026-10:00
A7: 4 | B7: ='M-Cita'!P11 -> +57-3124518923-Martes-09:00-19:00-09:00-15:00-16/06/2026-09:00 | C7: ='M-TipoMulta'!D5 -> Inasistencia | D7: ='M-Cita'!O11 -> 12000 | E7: ='M-Cita'!G11 -> 0.38541667 | F7: 1/01/1000 00:00 | G7: no | H7: =B7 -> +57-3124518923-Martes-09:00-19:00-09:00-15:00-16/06/2026-09:00
A8: 5 | B8: ='M-Cita'!P12 -> +57-3214533321-Jueves-09:00-19:00-13:00-19:00-02/07/2026-15:00 | C8: ='M-TipoMulta'!D5 -> Inasistencia | D8: ='M-Cita'!O12 -> 15000 | E8: ='M-Cita'!G12 -> 0.63888889 | F8: 1/01/1000 00:00 | G8: no | H8: =B8 -> +57-3214533321-Jueves-09:00-19:00-13:00-19:00-02/07/2026-15:00
B14: Corresponde a la descripcion de los atributos
B15: Corresponde al identificador unico del objeto de dominio
B16: Corresponde a los datos de referencia de otros objetos de dominio
B17: Corresponde a los datos tipo entero
B18: Corresponde a los datos de tipo hora
B19: Corresponde a los datos de tipos fecha hora
B20: Corresponde a los datos de tipo logico
B21: Corresponde a la combinacion única
